timestamp,index,uuid,name,memory.used.MiB,memory.total.MiB,utilization.gpu.percent,utilization.memory.percent,power.draw.W
2026/04/22 19:43:59.872, 0, GPU-9526f284-5d42-42c6-7180-26e855f7cb74, NVIDIA A100-SXM4-80GB, 0, 81920, 0, 0, 65.99
2026/04/22 19:43:59.874, 1, GPU-3bae32ea-7500-d97f-68d3-b73eaf826482, NVIDIA A100-SXM4-80GB, 0, 81920, 0, 0, 59.92
2026/04/22 19:43:59.878, 2, GPU-34b15fc1-6bfd-d499-6da0-10a9b8b1582c, NVIDIA A100-SXM4-80GB, 0, 81920, 0, 0, 60.93
2026/04/22 19:43:59.880, 3, GPU-a20700a1-ed8d-42b4-3a83-38d3a8d7e57b, NVIDIA A100-SXM4-80GB, 0, 81920, 0, 0, 63.04
2026/04/22 19:44:00.926, 0, GPU-9526f284-5d42-42c6-7180-26e855f7cb74, NVIDIA A100-SXM4-80GB, 0, 81920, 0, 0, 65.70
2026/04/22 19:44:00.928, 1, GPU-3bae32ea-7500-d97f-68d3-b73eaf826482, NVIDIA A100-SXM4-80GB, 0, 81920, 0, 0, 59.92
2026/04/22 19:44:00.929, 2, GPU-34b15fc1-6bfd-d499-6da0-10a9b8b1582c, NVIDIA A100-SXM4-80GB, 0, 81920, 0, 0, 60.93
2026/04/22 19:44:00.931, 3, GPU-a20700a1-ed8d-42b4-3a83-38d3a8d7e57b, NVIDIA A100-SXM4-80GB, 0, 81920, 0, 0, 62.75
2026/04/22 19:44:01.973, 0, GPU-9526f284-5d42-42c6-7180-26e855f7cb74, NVIDIA A100-SXM4-80GB, 0, 81920, 0, 0, 65.70
2026/04/22 19:44:01.975, 1, GPU-3bae32ea-7500-d97f-68d3-b73eaf826482, NVIDIA A100-SXM4-80GB, 0, 81920, 0, 0, 59.92
2026/04/22 19:44:01.982, 2, GPU-34b15fc1-6bfd-d499-6da0-10a9b8b1582c, NVIDIA A100-SXM4-80GB, 0, 81920, 0, 0, 60.93
2026/04/22 19:44:01.984, 3, GPU-a20700a1-ed8d-42b4-3a83-38d3a8d7e57b, NVIDIA A100-SXM4-80GB, 0, 81920, 0, 0, 63.04
2026/04/22 19:44:03.026, 0, GPU-9526f284-5d42-42c6-7180-26e855f7cb74, NVIDIA A100-SXM4-80GB, 0, 81920, 0, 0, 65.70
2026/04/22 19:44:03.028, 1, GPU-3bae32ea-7500-d97f-68d3-b73eaf826482, NVIDIA A100-SXM4-80GB, 0, 81920, 0, 0, 59.92
2026/04/22 19:44:03.030, 2, GPU-34b15fc1-6bfd-d499-6da0-10a9b8b1582c, NVIDIA A100-SXM4-80GB, 0, 81920, 0, 0, 60.93
2026/04/22 19:44:03.031, 3, GPU-a20700a1-ed8d-42b4-3a83-38d3a8d7e57b, NVIDIA A100-SXM4-80GB, 0, 81920, 0, 0, 62.75
2026/04/22 19:44:04.074, 0, GPU-9526f284-5d42-42c6-7180-26e855f7cb74, NVIDIA A100-SXM4-80GB, 0, 81920, 0, 0, 65.41
2026/04/22 19:44:04.076, 1, GPU-3bae32ea-7500-d97f-68d3-b73eaf826482, NVIDIA A100-SXM4-80GB, 0, 81920, 0, 0, 59.92
2026/04/22 19:44:04.083, 2, GPU-34b15fc1-6bfd-d499-6da0-10a9b8b1582c, NVIDIA A100-SXM4-80GB, 0, 81920, 0, 0, 60.93
2026/04/22 19:44:04.085, 3, GPU-a20700a1-ed8d-42b4-3a83-38d3a8d7e57b, NVIDIA A100-SXM4-80GB, 0, 81920, 0, 0, 62.75
2026/04/22 19:44:05.128, 0, GPU-9526f284-5d42-42c6-7180-26e855f7cb74, NVIDIA A100-SXM4-80GB, 0, 81920, 0, 0, 65.41
2026/04/22 19:44:05.129, 1, GPU-3bae32ea-7500-d97f-68d3-b73eaf826482, NVIDIA A100-SXM4-80GB, 0, 81920, 0, 0, 59.92
2026/04/22 19:44:05.131, 2, GPU-34b15fc1-6bfd-d499-6da0-10a9b8b1582c, NVIDIA A100-SXM4-80GB, 0, 81920, 0, 0, 60.93
2026/04/22 19:44:05.132, 3, GPU-a20700a1-ed8d-42b4-3a83-38d3a8d7e57b, NVIDIA A100-SXM4-80GB, 0, 81920, 0, 0, 62.75
2026/04/22 19:44:06.175, 0, GPU-9526f284-5d42-42c6-7180-26e855f7cb74, NVIDIA A100-SXM4-80GB, 4, 81920, 0, 0, 65.41
2026/04/22 19:44:06.177, 1, GPU-3bae32ea-7500-d97f-68d3-b73eaf826482, NVIDIA A100-SXM4-80GB, 4, 81920, 0, 0, 59.92
2026/04/22 19:44:06.183, 2, GPU-34b15fc1-6bfd-d499-6da0-10a9b8b1582c, NVIDIA A100-SXM4-80GB, 4, 81920, 0, 0, 60.93
2026/04/22 19:44:06.184, 3, GPU-a20700a1-ed8d-42b4-3a83-38d3a8d7e57b, NVIDIA A100-SXM4-80GB, 4, 81920, 0, 0, 62.50
2026/04/22 19:44:07.229, 0, GPU-9526f284-5d42-42c6-7180-26e855f7cb74, NVIDIA A100-SXM4-80GB, 4, 81920, 0, 0, 65.41
2026/04/22 19:44:07.231, 1, GPU-3bae32ea-7500-d97f-68d3-b73eaf826482, NVIDIA A100-SXM4-80GB, 4, 81920, 0, 0, 59.92
2026/04/22 19:44:07.232, 2, GPU-34b15fc1-6bfd-d499-6da0-10a9b8b1582c, NVIDIA A100-SXM4-80GB, 4, 81920, 0, 0, 60.93
2026/04/22 19:44:07.234, 3, GPU-a20700a1-ed8d-42b4-3a83-38d3a8d7e57b, NVIDIA A100-SXM4-80GB, 4, 81920, 0, 0, 62.50
2026/04/22 19:44:08.277, 0, GPU-9526f284-5d42-42c6-7180-26e855f7cb74, NVIDIA A100-SXM4-80GB, 0, 81920, 0, 0, 65.41
2026/04/22 19:44:08.279, 1, GPU-3bae32ea-7500-d97f-68d3-b73eaf826482, NVIDIA A100-SXM4-80GB, 0, 81920, 0, 0, 59.92
2026/04/22 19:44:08.284, 2, GPU-34b15fc1-6bfd-d499-6da0-10a9b8b1582c, NVIDIA A100-SXM4-80GB, 0, 81920, 0, 0, 60.93
2026/04/22 19:44:08.285, 3, GPU-a20700a1-ed8d-42b4-3a83-38d3a8d7e57b, NVIDIA A100-SXM4-80GB, 0, 81920, 0, 0, 62.21
2026/04/22 19:44:09.329, 0, GPU-9526f284-5d42-42c6-7180-26e855f7cb74, NVIDIA A100-SXM4-80GB, 0, 81920, 0, 0, 65.16
2026/04/22 19:44:09.331, 1, GPU-3bae32ea-7500-d97f-68d3-b73eaf826482, NVIDIA A100-SXM4-80GB, 0, 81920, 0, 0, 59.92
2026/04/22 19:44:09.333, 2, GPU-34b15fc1-6bfd-d499-6da0-10a9b8b1582c, NVIDIA A100-SXM4-80GB, 0, 81920, 0, 0, 60.93
2026/04/22 19:44:09.334, 3, GPU-a20700a1-ed8d-42b4-3a83-38d3a8d7e57b, NVIDIA A100-SXM4-80GB, 0, 81920, 0, 0, 62.21
2026/04/22 19:44:10.377, 0, GPU-9526f284-5d42-42c6-7180-26e855f7cb74, NVIDIA A100-SXM4-80GB, 0, 81920, 0, 0, 65.16
2026/04/22 19:44:10.379, 1, GPU-3bae32ea-7500-d97f-68d3-b73eaf826482, NVIDIA A100-SXM4-80GB, 0, 81920, 0, 0, 59.92
2026/04/22 19:44:10.383, 2, GPU-34b15fc1-6bfd-d499-6da0-10a9b8b1582c, NVIDIA A100-SXM4-80GB, 0, 81920, 0, 0, 60.86
2026/04/22 19:44:10.385, 3, GPU-a20700a1-ed8d-42b4-3a83-38d3a8d7e57b, NVIDIA A100-SXM4-80GB, 0, 81920, 0, 0, 62.21
2026/04/22 19:44:11.428, 0, GPU-9526f284-5d42-42c6-7180-26e855f7cb74, NVIDIA A100-SXM4-80GB, 0, 81920, 0, 0, 65.16
2026/04/22 19:44:11.430, 1, GPU-3bae32ea-7500-d97f-68d3-b73eaf826482, NVIDIA A100-SXM4-80GB, 0, 81920, 0, 0, 59.68
2026/04/22 19:44:11.431, 2, GPU-34b15fc1-6bfd-d499-6da0-10a9b8b1582c, NVIDIA A100-SXM4-80GB, 0, 81920, 0, 0, 60.93
2026/04/22 19:44:11.433, 3, GPU-a20700a1-ed8d-42b4-3a83-38d3a8d7e57b, NVIDIA A100-SXM4-80GB, 0, 81920, 0, 0, 62.21
2026/04/22 19:44:12.476, 0, GPU-9526f284-5d42-42c6-7180-26e855f7cb74, NVIDIA A100-SXM4-80GB, 0, 81920, 0, 0, 64.87
2026/04/22 19:44:12.478, 1, GPU-3bae32ea-7500-d97f-68d3-b73eaf826482, NVIDIA A100-SXM4-80GB, 0, 81920, 0, 0, 59.92
2026/04/22 19:44:12.480, 2, GPU-34b15fc1-6bfd-d499-6da0-10a9b8b1582c, NVIDIA A100-SXM4-80GB, 0, 81920, 0, 0, 60.93
2026/04/22 19:44:12.481, 3, GPU-a20700a1-ed8d-42b4-3a83-38d3a8d7e57b, NVIDIA A100-SXM4-80GB, 0, 81920, 0, 0, 61.97
2026/04/22 19:44:13.567, 0, GPU-9526f284-5d42-42c6-7180-26e855f7cb74, NVIDIA A100-SXM4-80GB, 5, 81920, 0, 0, 65.16
2026/04/22 19:44:13.571, 1, GPU-3bae32ea-7500-d97f-68d3-b73eaf826482, NVIDIA A100-SXM4-80GB, 2, 81920, 0, 0, 59.92
2026/04/22 19:44:13.577, 2, GPU-34b15fc1-6bfd-d499-6da0-10a9b8b1582c, NVIDIA A100-SXM4-80GB, 1, 81920, 0, 0, 60.93
2026/04/22 19:44:13.585, 3, GPU-a20700a1-ed8d-42b4-3a83-38d3a8d7e57b, NVIDIA A100-SXM4-80GB, 1, 81920, 0, 0, 61.97
2026/04/22 19:44:14.865, 0, GPU-9526f284-5d42-42c6-7180-26e855f7cb74, NVIDIA A100-SXM4-80GB, 5, 81920, 0, 0, 64.87
2026/04/22 19:44:14.869, 1, GPU-3bae32ea-7500-d97f-68d3-b73eaf826482, NVIDIA A100-SXM4-80GB, 5, 81920, 0, 0, 59.92
2026/04/22 19:44:14.871, 2, GPU-34b15fc1-6bfd-d499-6da0-10a9b8b1582c, NVIDIA A100-SXM4-80GB, 5, 81920, 0, 0, 60.93
2026/04/22 19:44:14.872, 3, GPU-a20700a1-ed8d-42b4-3a83-38d3a8d7e57b, NVIDIA A100-SXM4-80GB, 5, 81920, 0, 0, 63.87
2026/04/22 19:44:15.918, 0, GPU-9526f284-5d42-42c6-7180-26e855f7cb74, NVIDIA A100-SXM4-80GB, 5, 81920, 0, 0, 64.87
2026/04/22 19:44:15.920, 1, GPU-3bae32ea-7500-d97f-68d3-b73eaf826482, NVIDIA A100-SXM4-80GB, 5, 81920, 0, 0, 59.92
2026/04/22 19:44:15.922, 2, GPU-34b15fc1-6bfd-d499-6da0-10a9b8b1582c, NVIDIA A100-SXM4-80GB, 5, 81920, 0, 0, 60.86
2026/04/22 19:44:15.924, 3, GPU-a20700a1-ed8d-42b4-3a83-38d3a8d7e57b, NVIDIA A100-SXM4-80GB, 5, 81920, 0, 0, 61.97
2026/04/22 19:44:17.288, 0, GPU-9526f284-5d42-42c6-7180-26e855f7cb74, NVIDIA A100-SXM4-80GB, 1, 81920, 0, 0, 64.62
2026/04/22 19:44:17.303, 1, GPU-3bae32ea-7500-d97f-68d3-b73eaf826482, NVIDIA A100-SXM4-80GB, 4, 81920, 0, 0, 60.46
2026/04/22 19:44:17.326, 2, GPU-34b15fc1-6bfd-d499-6da0-10a9b8b1582c, NVIDIA A100-SXM4-80GB, 5, 81920, 0, 0, 60.93
2026/04/22 19:44:17.342, 3, GPU-a20700a1-ed8d-42b4-3a83-38d3a8d7e57b, NVIDIA A100-SXM4-80GB, 5, 81920, 0, 0, 62.21
2026/04/22 19:44:18.578, 0, GPU-9526f284-5d42-42c6-7180-26e855f7cb74, NVIDIA A100-SXM4-80GB, 0, 81920, 0, 0, 64.87
2026/04/22 19:44:18.580, 1, GPU-3bae32ea-7500-d97f-68d3-b73eaf826482, NVIDIA A100-SXM4-80GB, 0, 81920, 0, 0, 59.92
2026/04/22 19:44:18.582, 2, GPU-34b15fc1-6bfd-d499-6da0-10a9b8b1582c, NVIDIA A100-SXM4-80GB, 0, 81920, 0, 0, 60.93
2026/04/22 19:44:18.583, 3, GPU-a20700a1-ed8d-42b4-3a83-38d3a8d7e57b, NVIDIA A100-SXM4-80GB, 0, 81920, 0, 0, 61.68
2026/04/22 19:44:19.629, 0, GPU-9526f284-5d42-42c6-7180-26e855f7cb74, NVIDIA A100-SXM4-80GB, 0, 81920, 0, 0, 64.62
2026/04/22 19:44:19.631, 1, GPU-3bae32ea-7500-d97f-68d3-b73eaf826482, NVIDIA A100-SXM4-80GB, 0, 81920, 0, 0, 59.92
2026/04/22 19:44:19.632, 2, GPU-34b15fc1-6bfd-d499-6da0-10a9b8b1582c, NVIDIA A100-SXM4-80GB, 0, 81920, 0, 0, 60.93
2026/04/22 19:44:19.634, 3, GPU-a20700a1-ed8d-42b4-3a83-38d3a8d7e57b, NVIDIA A100-SXM4-80GB, 0, 81920, 0, 0, 61.68
2026/04/22 19:44:20.677, 0, GPU-9526f284-5d42-42c6-7180-26e855f7cb74, NVIDIA A100-SXM4-80GB, 0, 81920, 0, 0, 64.62
2026/04/22 19:44:20.678, 1, GPU-3bae32ea-7500-d97f-68d3-b73eaf826482, NVIDIA A100-SXM4-80GB, 0, 81920, 0, 0, 59.92
2026/04/22 19:44:20.680, 2, GPU-34b15fc1-6bfd-d499-6da0-10a9b8b1582c, NVIDIA A100-SXM4-80GB, 0, 81920, 0, 0, 60.93
2026/04/22 19:44:20.681, 3, GPU-a20700a1-ed8d-42b4-3a83-38d3a8d7e57b, NVIDIA A100-SXM4-80GB, 0, 81920, 0, 0, 61.68
2026/04/22 19:44:21.726, 0, GPU-9526f284-5d42-42c6-7180-26e855f7cb74, NVIDIA A100-SXM4-80GB, 0, 81920, 0, 0, 64.62
2026/04/22 19:44:21.728, 1, GPU-3bae32ea-7500-d97f-68d3-b73eaf826482, NVIDIA A100-SXM4-80GB, 0, 81920, 0, 0, 59.68
2026/04/22 19:44:21.729, 2, GPU-34b15fc1-6bfd-d499-6da0-10a9b8b1582c, NVIDIA A100-SXM4-80GB, 0, 81920, 0, 0, 60.93
2026/04/22 19:44:21.731, 3, GPU-a20700a1-ed8d-42b4-3a83-38d3a8d7e57b, NVIDIA A100-SXM4-80GB, 0, 81920, 0, 0, 61.68
2026/04/22 19:44:22.777, 0, GPU-9526f284-5d42-42c6-7180-26e855f7cb74, NVIDIA A100-SXM4-80GB, 0, 81920, 0, 0, 64.33
2026/04/22 19:44:22.779, 1, GPU-3bae32ea-7500-d97f-68d3-b73eaf826482, NVIDIA A100-SXM4-80GB, 0, 81920, 0, 0, 59.92
2026/04/22 19:44:22.780, 2, GPU-34b15fc1-6bfd-d499-6da0-10a9b8b1582c, NVIDIA A100-SXM4-80GB, 0, 81920, 0, 0, 60.93
2026/04/22 19:44:22.782, 3, GPU-a20700a1-ed8d-42b4-3a83-38d3a8d7e57b, NVIDIA A100-SXM4-80GB, 0, 81920, 0, 0, 61.68
2026/04/22 19:44:23.858, 0, GPU-9526f284-5d42-42c6-7180-26e855f7cb74, NVIDIA A100-SXM4-80GB, 5, 81920, 0, 0, 64.87
2026/04/22 19:44:23.871, 1, GPU-3bae32ea-7500-d97f-68d3-b73eaf826482, NVIDIA A100-SXM4-80GB, 2, 81920, 0, 0, 59.92
2026/04/22 19:44:23.873, 2, GPU-34b15fc1-6bfd-d499-6da0-10a9b8b1582c, NVIDIA A100-SXM4-80GB, 1, 81920, 0, 0, 61.18
2026/04/22 19:44:23.895, 3, GPU-a20700a1-ed8d-42b4-3a83-38d3a8d7e57b, NVIDIA A100-SXM4-80GB, 1, 81920, 0, 0, 61.39
2026/04/22 19:44:25.355, 0, GPU-9526f284-5d42-42c6-7180-26e855f7cb74, NVIDIA A100-SXM4-80GB, 5, 81920, 0, 0, 64.33
2026/04/22 19:44:25.357, 1, GPU-3bae32ea-7500-d97f-68d3-b73eaf826482, NVIDIA A100-SXM4-80GB, 5, 81920, 0, 0, 60.99
2026/04/22 19:44:25.359, 2, GPU-34b15fc1-6bfd-d499-6da0-10a9b8b1582c, NVIDIA A100-SXM4-80GB, 5, 81920, 0, 0, 62.82
2026/04/22 19:44:25.360, 3, GPU-a20700a1-ed8d-42b4-3a83-38d3a8d7e57b, NVIDIA A100-SXM4-80GB, 5, 81920, 0, 0, 63.04
2026/04/22 19:44:26.402, 0, GPU-9526f284-5d42-42c6-7180-26e855f7cb74, NVIDIA A100-SXM4-80GB, 5, 81920, 0, 0, 64.33
2026/04/22 19:44:26.404, 1, GPU-3bae32ea-7500-d97f-68d3-b73eaf826482, NVIDIA A100-SXM4-80GB, 5, 81920, 0, 0, 59.92
2026/04/22 19:44:26.405, 2, GPU-34b15fc1-6bfd-d499-6da0-10a9b8b1582c, NVIDIA A100-SXM4-80GB, 5, 81920, 0, 0, 60.93
2026/04/22 19:44:26.412, 3, GPU-a20700a1-ed8d-42b4-3a83-38d3a8d7e57b, NVIDIA A100-SXM4-80GB, 5, 81920, 0, 0, 61.39
2026/04/22 19:44:27.455, 0, GPU-9526f284-5d42-42c6-7180-26e855f7cb74, NVIDIA A100-SXM4-80GB, 5, 81920, 0, 0, 64.09
2026/04/22 19:44:27.456, 1, GPU-3bae32ea-7500-d97f-68d3-b73eaf826482, NVIDIA A100-SXM4-80GB, 5, 81920, 0, 0, 59.92
2026/04/22 19:44:27.458, 2, GPU-34b15fc1-6bfd-d499-6da0-10a9b8b1582c, NVIDIA A100-SXM4-80GB, 5, 81920, 0, 0, 60.86
2026/04/22 19:44:27.459, 3, GPU-a20700a1-ed8d-42b4-3a83-38d3a8d7e57b, NVIDIA A100-SXM4-80GB, 5, 81920, 0, 0, 61.39
2026/04/22 19:44:28.552, 0, GPU-9526f284-5d42-42c6-7180-26e855f7cb74, NVIDIA A100-SXM4-80GB, 21, 81920, 0, 0, 75.74
2026/04/22 19:44:28.559, 1, GPU-3bae32ea-7500-d97f-68d3-b73eaf826482, NVIDIA A100-SXM4-80GB, 5, 81920, 0, 0, 59.92
2026/04/22 19:44:28.585, 2, GPU-34b15fc1-6bfd-d499-6da0-10a9b8b1582c, NVIDIA A100-SXM4-80GB, 5, 81920, 0, 0, 61.39
2026/04/22 19:44:28.657, 3, GPU-a20700a1-ed8d-42b4-3a83-38d3a8d7e57b, NVIDIA A100-SXM4-80GB, 5, 81920, 0, 0, 61.39
2026/04/22 19:44:29.881, 0, GPU-9526f284-5d42-42c6-7180-26e855f7cb74, NVIDIA A100-SXM4-80GB, 1693, 81920, 0, 0, 86.09
2026/04/22 19:44:29.890, 1, GPU-3bae32ea-7500-d97f-68d3-b73eaf826482, NVIDIA A100-SXM4-80GB, 965, 81920, 0, 0, 83.16
2026/04/22 19:44:29.902, 2, GPU-34b15fc1-6bfd-d499-6da0-10a9b8b1582c, NVIDIA A100-SXM4-80GB, 22, 81920, 0, 0, 73.78
2026/04/22 19:44:29.918, 3, GPU-a20700a1-ed8d-42b4-3a83-38d3a8d7e57b, NVIDIA A100-SXM4-80GB, 5, 81920, 0, 0, 61.39
2026/04/22 19:44:31.099, 0, GPU-9526f284-5d42-42c6-7180-26e855f7cb74, NVIDIA A100-SXM4-80GB, 1693, 81920, 0, 0, 76.49
2026/04/22 19:44:31.106, 1, GPU-3bae32ea-7500-d97f-68d3-b73eaf826482, NVIDIA A100-SXM4-80GB, 1693, 81920, 0, 0, 80.19
2026/04/22 19:44:31.108, 2, GPU-34b15fc1-6bfd-d499-6da0-10a9b8b1582c, NVIDIA A100-SXM4-80GB, 1693, 81920, 0, 0, 82.68
2026/04/22 19:44:31.110, 3, GPU-a20700a1-ed8d-42b4-3a83-38d3a8d7e57b, NVIDIA A100-SXM4-80GB, 1017, 81920, 3, 0, 87.00
2026/04/22 19:44:32.157, 0, GPU-9526f284-5d42-42c6-7180-26e855f7cb74, NVIDIA A100-SXM4-80GB, 1693, 81920, 0, 0, 75.95
2026/04/22 19:44:32.160, 1, GPU-3bae32ea-7500-d97f-68d3-b73eaf826482, NVIDIA A100-SXM4-80GB, 1693, 81920, 0, 0, 70.94
2026/04/22 19:44:32.161, 2, GPU-34b15fc1-6bfd-d499-6da0-10a9b8b1582c, NVIDIA A100-SXM4-80GB, 1693, 81920, 0, 0, 82.39
2026/04/22 19:44:32.162, 3, GPU-a20700a1-ed8d-42b4-3a83-38d3a8d7e57b, NVIDIA A100-SXM4-80GB, 1693, 81920, 0, 0, 80.54
2026/04/22 19:44:33.988, 0, GPU-9526f284-5d42-42c6-7180-26e855f7cb74, NVIDIA A100-SXM4-80GB, 5, 81920, 0, 0, 76.04
2026/04/22 19:44:33.992, 1, GPU-3bae32ea-7500-d97f-68d3-b73eaf826482, NVIDIA A100-SXM4-80GB, 5, 81920, 6, 0, 71.53
2026/04/22 19:44:34.000, 2, GPU-34b15fc1-6bfd-d499-6da0-10a9b8b1582c, NVIDIA A100-SXM4-80GB, 5, 81920, 6, 0, 72.95
2026/04/22 19:44:34.003, 3, GPU-a20700a1-ed8d-42b4-3a83-38d3a8d7e57b, NVIDIA A100-SXM4-80GB, 5, 81920, 6, 0, 71.98
2026/04/22 19:44:35.050, 0, GPU-9526f284-5d42-42c6-7180-26e855f7cb74, NVIDIA A100-SXM4-80GB, 5, 81920, 0, 0, 75.74
2026/04/22 19:44:35.051, 1, GPU-3bae32ea-7500-d97f-68d3-b73eaf826482, NVIDIA A100-SXM4-80GB, 5, 81920, 0, 0, 71.24
2026/04/22 19:44:35.052, 2, GPU-34b15fc1-6bfd-d499-6da0-10a9b8b1582c, NVIDIA A100-SXM4-80GB, 5, 81920, 0, 0, 61.68
2026/04/22 19:44:35.054, 3, GPU-a20700a1-ed8d-42b4-3a83-38d3a8d7e57b, NVIDIA A100-SXM4-80GB, 5, 81920, 0, 0, 71.69
2026/04/22 19:44:36.098, 0, GPU-9526f284-5d42-42c6-7180-26e855f7cb74, NVIDIA A100-SXM4-80GB, 5, 81920, 0, 0, 64.33
2026/04/22 19:44:36.100, 1, GPU-3bae32ea-7500-d97f-68d3-b73eaf826482, NVIDIA A100-SXM4-80GB, 5, 81920, 0, 0, 60.21
2026/04/22 19:44:36.102, 2, GPU-34b15fc1-6bfd-d499-6da0-10a9b8b1582c, NVIDIA A100-SXM4-80GB, 5, 81920, 0, 0, 61.11
2026/04/22 19:44:36.103, 3, GPU-a20700a1-ed8d-42b4-3a83-38d3a8d7e57b, NVIDIA A100-SXM4-80GB, 5, 81920, 0, 0, 61.39
2026/04/22 19:44:37.146, 0, GPU-9526f284-5d42-42c6-7180-26e855f7cb74, NVIDIA A100-SXM4-80GB, 5, 81920, 0, 0, 64.09
2026/04/22 19:44:37.148, 1, GPU-3bae32ea-7500-d97f-68d3-b73eaf826482, NVIDIA A100-SXM4-80GB, 5, 81920, 0, 0, 59.92
2026/04/22 19:44:37.149, 2, GPU-34b15fc1-6bfd-d499-6da0-10a9b8b1582c, NVIDIA A100-SXM4-80GB, 5, 81920, 0, 0, 60.86
2026/04/22 19:44:37.151, 3, GPU-a20700a1-ed8d-42b4-3a83-38d3a8d7e57b, NVIDIA A100-SXM4-80GB, 5, 81920, 0, 0, 61.14
2026/04/22 19:44:38.201, 0, GPU-9526f284-5d42-42c6-7180-26e855f7cb74, NVIDIA A100-SXM4-80GB, 5, 81920, 0, 0, 63.79
2026/04/22 19:44:38.203, 1, GPU-3bae32ea-7500-d97f-68d3-b73eaf826482, NVIDIA A100-SXM4-80GB, 5, 81920, 0, 0, 59.92
2026/04/22 19:44:38.205, 2, GPU-34b15fc1-6bfd-d499-6da0-10a9b8b1582c, NVIDIA A100-SXM4-80GB, 5, 81920, 0, 0, 60.86
2026/04/22 19:44:38.206, 3, GPU-a20700a1-ed8d-42b4-3a83-38d3a8d7e57b, NVIDIA A100-SXM4-80GB, 5, 81920, 0, 0, 61.14
2026/04/22 19:44:39.258, 0, GPU-9526f284-5d42-42c6-7180-26e855f7cb74, NVIDIA A100-SXM4-80GB, 5, 81920, 0, 0, 63.79
2026/04/22 19:44:39.260, 1, GPU-3bae32ea-7500-d97f-68d3-b73eaf826482, NVIDIA A100-SXM4-80GB, 5, 81920, 0, 0, 59.92
2026/04/22 19:44:39.261, 2, GPU-34b15fc1-6bfd-d499-6da0-10a9b8b1582c, NVIDIA A100-SXM4-80GB, 5, 81920, 0, 0, 60.86
2026/04/22 19:44:39.263, 3, GPU-a20700a1-ed8d-42b4-3a83-38d3a8d7e57b, NVIDIA A100-SXM4-80GB, 5, 81920, 0, 0, 61.14
2026/04/22 19:44:40.308, 0, GPU-9526f284-5d42-42c6-7180-26e855f7cb74, NVIDIA A100-SXM4-80GB, 5, 81920, 0, 0, 63.79
2026/04/22 19:44:40.310, 1, GPU-3bae32ea-7500-d97f-68d3-b73eaf826482, NVIDIA A100-SXM4-80GB, 5, 81920, 0, 0, 59.92
2026/04/22 19:44:40.312, 2, GPU-34b15fc1-6bfd-d499-6da0-10a9b8b1582c, NVIDIA A100-SXM4-80GB, 5, 81920, 0, 0, 60.86
2026/04/22 19:44:40.316, 3, GPU-a20700a1-ed8d-42b4-3a83-38d3a8d7e57b, NVIDIA A100-SXM4-80GB, 5, 81920, 0, 0, 61.14
2026/04/22 19:44:41.360, 0, GPU-9526f284-5d42-42c6-7180-26e855f7cb74, NVIDIA A100-SXM4-80GB, 5, 81920, 0, 0, 63.79
2026/04/22 19:44:41.362, 1, GPU-3bae32ea-7500-d97f-68d3-b73eaf826482, NVIDIA A100-SXM4-80GB, 5, 81920, 0, 0, 59.92
2026/04/22 19:44:41.364, 2, GPU-34b15fc1-6bfd-d499-6da0-10a9b8b1582c, NVIDIA A100-SXM4-80GB, 5, 81920, 0, 0, 60.86
2026/04/22 19:44:41.365, 3, GPU-a20700a1-ed8d-42b4-3a83-38d3a8d7e57b, NVIDIA A100-SXM4-80GB, 5, 81920, 0, 0, 61.14
2026/04/22 19:44:42.419, 0, GPU-9526f284-5d42-42c6-7180-26e855f7cb74, NVIDIA A100-SXM4-80GB, 5, 81920, 0, 0, 63.79
2026/04/22 19:44:42.421, 1, GPU-3bae32ea-7500-d97f-68d3-b73eaf826482, NVIDIA A100-SXM4-80GB, 5, 81920, 0, 0, 59.92
2026/04/22 19:44:42.422, 2, GPU-34b15fc1-6bfd-d499-6da0-10a9b8b1582c, NVIDIA A100-SXM4-80GB, 5, 81920, 0, 0, 60.86
2026/04/22 19:44:42.424, 3, GPU-a20700a1-ed8d-42b4-3a83-38d3a8d7e57b, NVIDIA A100-SXM4-80GB, 5, 81920, 0, 0, 61.14
2026/04/22 19:44:43.477, 0, GPU-9526f284-5d42-42c6-7180-26e855f7cb74, NVIDIA A100-SXM4-80GB, 5, 81920, 0, 0, 63.79
2026/04/22 19:44:43.479, 1, GPU-3bae32ea-7500-d97f-68d3-b73eaf826482, NVIDIA A100-SXM4-80GB, 5, 81920, 0, 0, 59.92
2026/04/22 19:44:43.480, 2, GPU-34b15fc1-6bfd-d499-6da0-10a9b8b1582c, NVIDIA A100-SXM4-80GB, 5, 81920, 0, 0, 61.11
2026/04/22 19:44:43.482, 3, GPU-a20700a1-ed8d-42b4-3a83-38d3a8d7e57b, NVIDIA A100-SXM4-80GB, 5, 81920, 0, 0, 60.85
2026/04/22 19:44:44.532, 0, GPU-9526f284-5d42-42c6-7180-26e855f7cb74, NVIDIA A100-SXM4-80GB, 5, 81920, 0, 0, 63.50
2026/04/22 19:44:44.534, 1, GPU-3bae32ea-7500-d97f-68d3-b73eaf826482, NVIDIA A100-SXM4-80GB, 5, 81920, 0, 0, 59.92
2026/04/22 19:44:44.536, 2, GPU-34b15fc1-6bfd-d499-6da0-10a9b8b1582c, NVIDIA A100-SXM4-80GB, 5, 81920, 0, 0, 60.86
2026/04/22 19:44:44.537, 3, GPU-a20700a1-ed8d-42b4-3a83-38d3a8d7e57b, NVIDIA A100-SXM4-80GB, 5, 81920, 0, 0, 60.85
2026/04/22 19:44:45.585, 0, GPU-9526f284-5d42-42c6-7180-26e855f7cb74, NVIDIA A100-SXM4-80GB, 5, 81920, 0, 0, 63.50
2026/04/22 19:44:45.587, 1, GPU-3bae32ea-7500-d97f-68d3-b73eaf826482, NVIDIA A100-SXM4-80GB, 5, 81920, 0, 0, 59.92
2026/04/22 19:44:45.589, 2, GPU-34b15fc1-6bfd-d499-6da0-10a9b8b1582c, NVIDIA A100-SXM4-80GB, 5, 81920, 0, 0, 60.86
2026/04/22 19:44:45.590, 3, GPU-a20700a1-ed8d-42b4-3a83-38d3a8d7e57b, NVIDIA A100-SXM4-80GB, 5, 81920, 0, 0, 60.85
2026/04/22 19:44:46.637, 0, GPU-9526f284-5d42-42c6-7180-26e855f7cb74, NVIDIA A100-SXM4-80GB, 5, 81920, 0, 0, 63.50
2026/04/22 19:44:46.639, 1, GPU-3bae32ea-7500-d97f-68d3-b73eaf826482, NVIDIA A100-SXM4-80GB, 5, 81920, 0, 0, 59.92
2026/04/22 19:44:46.641, 2, GPU-34b15fc1-6bfd-d499-6da0-10a9b8b1582c, NVIDIA A100-SXM4-80GB, 5, 81920, 0, 0, 60.86
2026/04/22 19:44:46.642, 3, GPU-a20700a1-ed8d-42b4-3a83-38d3a8d7e57b, NVIDIA A100-SXM4-80GB, 5, 81920, 0, 0, 60.85
2026/04/22 19:44:47.693, 0, GPU-9526f284-5d42-42c6-7180-26e855f7cb74, NVIDIA A100-SXM4-80GB, 5, 81920, 0, 0, 63.50
2026/04/22 19:44:47.695, 1, GPU-3bae32ea-7500-d97f-68d3-b73eaf826482, NVIDIA A100-SXM4-80GB, 5, 81920, 0, 0, 59.92
2026/04/22 19:44:47.696, 2, GPU-34b15fc1-6bfd-d499-6da0-10a9b8b1582c, NVIDIA A100-SXM4-80GB, 5, 81920, 0, 0, 60.86
2026/04/22 19:44:47.698, 3, GPU-a20700a1-ed8d-42b4-3a83-38d3a8d7e57b, NVIDIA A100-SXM4-80GB, 5, 81920, 0, 0, 60.85
2026/04/22 19:44:48.749, 0, GPU-9526f284-5d42-42c6-7180-26e855f7cb74, NVIDIA A100-SXM4-80GB, 5, 81920, 0, 0, 63.26
2026/04/22 19:44:48.751, 1, GPU-3bae32ea-7500-d97f-68d3-b73eaf826482, NVIDIA A100-SXM4-80GB, 5, 81920, 0, 0, 59.92
2026/04/22 19:44:48.753, 2, GPU-34b15fc1-6bfd-d499-6da0-10a9b8b1582c, NVIDIA A100-SXM4-80GB, 5, 81920, 0, 0, 60.86
2026/04/22 19:44:48.754, 3, GPU-a20700a1-ed8d-42b4-3a83-38d3a8d7e57b, NVIDIA A100-SXM4-80GB, 5, 81920, 0, 0, 60.85
2026/04/22 19:44:49.804, 0, GPU-9526f284-5d42-42c6-7180-26e855f7cb74, NVIDIA A100-SXM4-80GB, 5, 81920, 0, 0, 63.50
2026/04/22 19:44:49.806, 1, GPU-3bae32ea-7500-d97f-68d3-b73eaf826482, NVIDIA A100-SXM4-80GB, 5, 81920, 0, 0, 59.92
2026/04/22 19:44:49.807, 2, GPU-34b15fc1-6bfd-d499-6da0-10a9b8b1582c, NVIDIA A100-SXM4-80GB, 5, 81920, 0, 0, 60.86
2026/04/22 19:44:49.809, 3, GPU-a20700a1-ed8d-42b4-3a83-38d3a8d7e57b, NVIDIA A100-SXM4-80GB, 5, 81920, 0, 0, 60.85
2026/04/22 19:44:50.865, 0, GPU-9526f284-5d42-42c6-7180-26e855f7cb74, NVIDIA A100-SXM4-80GB, 5, 81920, 0, 0, 63.26
2026/04/22 19:44:50.867, 1, GPU-3bae32ea-7500-d97f-68d3-b73eaf826482, NVIDIA A100-SXM4-80GB, 5, 81920, 0, 0, 59.92
2026/04/22 19:44:50.869, 2, GPU-34b15fc1-6bfd-d499-6da0-10a9b8b1582c, NVIDIA A100-SXM4-80GB, 5, 81920, 0, 0, 60.86
2026/04/22 19:44:50.870, 3, GPU-a20700a1-ed8d-42b4-3a83-38d3a8d7e57b, NVIDIA A100-SXM4-80GB, 5, 81920, 0, 0, 60.85
2026/04/22 19:44:51.921, 0, GPU-9526f284-5d42-42c6-7180-26e855f7cb74, NVIDIA A100-SXM4-80GB, 5, 81920, 0, 0, 63.26
2026/04/22 19:44:51.924, 1, GPU-3bae32ea-7500-d97f-68d3-b73eaf826482, NVIDIA A100-SXM4-80GB, 5, 81920, 0, 0, 59.92
2026/04/22 19:44:51.925, 2, GPU-34b15fc1-6bfd-d499-6da0-10a9b8b1582c, NVIDIA A100-SXM4-80GB, 5, 81920, 0, 0, 60.86
2026/04/22 19:44:51.927, 3, GPU-a20700a1-ed8d-42b4-3a83-38d3a8d7e57b, NVIDIA A100-SXM4-80GB, 5, 81920, 0, 0, 60.85
2026/04/22 19:44:52.977, 0, GPU-9526f284-5d42-42c6-7180-26e855f7cb74, NVIDIA A100-SXM4-80GB, 5, 81920, 0, 0, 63.26
2026/04/22 19:44:52.979, 1, GPU-3bae32ea-7500-d97f-68d3-b73eaf826482, NVIDIA A100-SXM4-80GB, 5, 81920, 0, 0, 59.92
2026/04/22 19:44:52.981, 2, GPU-34b15fc1-6bfd-d499-6da0-10a9b8b1582c, NVIDIA A100-SXM4-80GB, 5, 81920, 0, 0, 60.93
2026/04/22 19:44:52.983, 3, GPU-a20700a1-ed8d-42b4-3a83-38d3a8d7e57b, NVIDIA A100-SXM4-80GB, 5, 81920, 0, 0, 60.85
2026/04/22 19:44:54.035, 0, GPU-9526f284-5d42-42c6-7180-26e855f7cb74, NVIDIA A100-SXM4-80GB, 5, 81920, 0, 0, 63.26
2026/04/22 19:44:54.037, 1, GPU-3bae32ea-7500-d97f-68d3-b73eaf826482, NVIDIA A100-SXM4-80GB, 5, 81920, 0, 0, 59.92
2026/04/22 19:44:54.038, 2, GPU-34b15fc1-6bfd-d499-6da0-10a9b8b1582c, NVIDIA A100-SXM4-80GB, 5, 81920, 0, 0, 60.86
2026/04/22 19:44:54.040, 3, GPU-a20700a1-ed8d-42b4-3a83-38d3a8d7e57b, NVIDIA A100-SXM4-80GB, 5, 81920, 0, 0, 60.61
2026/04/22 19:44:55.087, 0, GPU-9526f284-5d42-42c6-7180-26e855f7cb74, NVIDIA A100-SXM4-80GB, 5, 81920, 0, 0, 63.26
2026/04/22 19:44:55.089, 1, GPU-3bae32ea-7500-d97f-68d3-b73eaf826482, NVIDIA A100-SXM4-80GB, 5, 81920, 0, 0, 59.92
2026/04/22 19:44:55.091, 2, GPU-34b15fc1-6bfd-d499-6da0-10a9b8b1582c, NVIDIA A100-SXM4-80GB, 5, 81920, 0, 0, 60.86
2026/04/22 19:44:55.092, 3, GPU-a20700a1-ed8d-42b4-3a83-38d3a8d7e57b, NVIDIA A100-SXM4-80GB, 5, 81920, 0, 0, 60.85
2026/04/22 19:44:56.145, 0, GPU-9526f284-5d42-42c6-7180-26e855f7cb74, NVIDIA A100-SXM4-80GB, 5, 81920, 0, 0, 63.26
2026/04/22 19:44:56.147, 1, GPU-3bae32ea-7500-d97f-68d3-b73eaf826482, NVIDIA A100-SXM4-80GB, 5, 81920, 0, 0, 59.92
2026/04/22 19:44:56.148, 2, GPU-34b15fc1-6bfd-d499-6da0-10a9b8b1582c, NVIDIA A100-SXM4-80GB, 5, 81920, 0, 0, 60.86
2026/04/22 19:44:56.150, 3, GPU-a20700a1-ed8d-42b4-3a83-38d3a8d7e57b, NVIDIA A100-SXM4-80GB, 5, 81920, 0, 0, 60.85
2026/04/22 19:44:57.199, 0, GPU-9526f284-5d42-42c6-7180-26e855f7cb74, NVIDIA A100-SXM4-80GB, 5, 81920, 0, 0, 63.26
2026/04/22 19:44:57.201, 1, GPU-3bae32ea-7500-d97f-68d3-b73eaf826482, NVIDIA A100-SXM4-80GB, 5, 81920, 0, 0, 59.92
2026/04/22 19:44:57.205, 2, GPU-34b15fc1-6bfd-d499-6da0-10a9b8b1582c, NVIDIA A100-SXM4-80GB, 5, 81920, 0, 0, 60.86
2026/04/22 19:44:57.206, 3, GPU-a20700a1-ed8d-42b4-3a83-38d3a8d7e57b, NVIDIA A100-SXM4-80GB, 5, 81920, 0, 0, 60.61
2026/04/22 19:44:58.254, 0, GPU-9526f284-5d42-42c6-7180-26e855f7cb74, NVIDIA A100-SXM4-80GB, 5, 81920, 0, 0, 63.50
2026/04/22 19:44:58.256, 1, GPU-3bae32ea-7500-d97f-68d3-b73eaf826482, NVIDIA A100-SXM4-80GB, 5, 81920, 0, 0, 59.92
2026/04/22 19:44:58.258, 2, GPU-34b15fc1-6bfd-d499-6da0-10a9b8b1582c, NVIDIA A100-SXM4-80GB, 5, 81920, 0, 0, 60.86
2026/04/22 19:44:58.259, 3, GPU-a20700a1-ed8d-42b4-3a83-38d3a8d7e57b, NVIDIA A100-SXM4-80GB, 5, 81920, 0, 0, 60.61
2026/04/22 19:44:59.307, 0, GPU-9526f284-5d42-42c6-7180-26e855f7cb74, NVIDIA A100-SXM4-80GB, 5, 81920, 0, 0, 63.50
2026/04/22 19:44:59.309, 1, GPU-3bae32ea-7500-d97f-68d3-b73eaf826482, NVIDIA A100-SXM4-80GB, 5, 81920, 0, 0, 59.92
2026/04/22 19:44:59.311, 2, GPU-34b15fc1-6bfd-d499-6da0-10a9b8b1582c, NVIDIA A100-SXM4-80GB, 5, 81920, 0, 0, 60.86
2026/04/22 19:44:59.312, 3, GPU-a20700a1-ed8d-42b4-3a83-38d3a8d7e57b, NVIDIA A100-SXM4-80GB, 5, 81920, 0, 0, 60.61
2026/04/22 19:45:00.364, 0, GPU-9526f284-5d42-42c6-7180-26e855f7cb74, NVIDIA A100-SXM4-80GB, 5, 81920, 0, 0, 63.50
2026/04/22 19:45:00.366, 1, GPU-3bae32ea-7500-d97f-68d3-b73eaf826482, NVIDIA A100-SXM4-80GB, 5, 81920, 0, 0, 59.92
2026/04/22 19:45:00.368, 2, GPU-34b15fc1-6bfd-d499-6da0-10a9b8b1582c, NVIDIA A100-SXM4-80GB, 5, 81920, 0, 0, 60.86
2026/04/22 19:45:00.369, 3, GPU-a20700a1-ed8d-42b4-3a83-38d3a8d7e57b, NVIDIA A100-SXM4-80GB, 5, 81920, 0, 0, 60.61
2026/04/22 19:45:01.424, 0, GPU-9526f284-5d42-42c6-7180-26e855f7cb74, NVIDIA A100-SXM4-80GB, 5, 81920, 0, 0, 63.26
2026/04/22 19:45:01.426, 1, GPU-3bae32ea-7500-d97f-68d3-b73eaf826482, NVIDIA A100-SXM4-80GB, 5, 81920, 0, 0, 59.92
2026/04/22 19:45:01.428, 2, GPU-34b15fc1-6bfd-d499-6da0-10a9b8b1582c, NVIDIA A100-SXM4-80GB, 5, 81920, 0, 0, 60.86
2026/04/22 19:45:01.429, 3, GPU-a20700a1-ed8d-42b4-3a83-38d3a8d7e57b, NVIDIA A100-SXM4-80GB, 5, 81920, 0, 0, 60.61
2026/04/22 19:45:02.480, 0, GPU-9526f284-5d42-42c6-7180-26e855f7cb74, NVIDIA A100-SXM4-80GB, 5, 81920, 0, 0, 63.50
2026/04/22 19:45:02.482, 1, GPU-3bae32ea-7500-d97f-68d3-b73eaf826482, NVIDIA A100-SXM4-80GB, 5, 81920, 0, 0, 59.92
2026/04/22 19:45:02.483, 2, GPU-34b15fc1-6bfd-d499-6da0-10a9b8b1582c, NVIDIA A100-SXM4-80GB, 5, 81920, 0, 0, 60.86
2026/04/22 19:45:02.485, 3, GPU-a20700a1-ed8d-42b4-3a83-38d3a8d7e57b, NVIDIA A100-SXM4-80GB, 5, 81920, 0, 0, 60.61
2026/04/22 19:45:03.534, 0, GPU-9526f284-5d42-42c6-7180-26e855f7cb74, NVIDIA A100-SXM4-80GB, 5, 81920, 0, 0, 63.26
2026/04/22 19:45:03.537, 1, GPU-3bae32ea-7500-d97f-68d3-b73eaf826482, NVIDIA A100-SXM4-80GB, 5, 81920, 0, 0, 59.92
2026/04/22 19:45:03.538, 2, GPU-34b15fc1-6bfd-d499-6da0-10a9b8b1582c, NVIDIA A100-SXM4-80GB, 5, 81920, 0, 0, 60.86
2026/04/22 19:45:03.540, 3, GPU-a20700a1-ed8d-42b4-3a83-38d3a8d7e57b, NVIDIA A100-SXM4-80GB, 5, 81920, 0, 0, 60.61
2026/04/22 19:45:04.591, 0, GPU-9526f284-5d42-42c6-7180-26e855f7cb74, NVIDIA A100-SXM4-80GB, 5, 81920, 0, 0, 63.26
2026/04/22 19:45:04.593, 1, GPU-3bae32ea-7500-d97f-68d3-b73eaf826482, NVIDIA A100-SXM4-80GB, 5, 81920, 0, 0, 59.92
2026/04/22 19:45:04.594, 2, GPU-34b15fc1-6bfd-d499-6da0-10a9b8b1582c, NVIDIA A100-SXM4-80GB, 5, 81920, 0, 0, 60.86
2026/04/22 19:45:04.596, 3, GPU-a20700a1-ed8d-42b4-3a83-38d3a8d7e57b, NVIDIA A100-SXM4-80GB, 5, 81920, 0, 0, 60.61
2026/04/22 19:45:05.647, 0, GPU-9526f284-5d42-42c6-7180-26e855f7cb74, NVIDIA A100-SXM4-80GB, 5, 81920, 0, 0, 63.26
2026/04/22 19:45:05.649, 1, GPU-3bae32ea-7500-d97f-68d3-b73eaf826482, NVIDIA A100-SXM4-80GB, 5, 81920, 0, 0, 59.92
2026/04/22 19:45:05.651, 2, GPU-34b15fc1-6bfd-d499-6da0-10a9b8b1582c, NVIDIA A100-SXM4-80GB, 5, 81920, 0, 0, 60.86
2026/04/22 19:45:05.653, 3, GPU-a20700a1-ed8d-42b4-3a83-38d3a8d7e57b, NVIDIA A100-SXM4-80GB, 5, 81920, 0, 0, 60.61
2026/04/22 19:45:06.705, 0, GPU-9526f284-5d42-42c6-7180-26e855f7cb74, NVIDIA A100-SXM4-80GB, 5, 81920, 0, 0, 63.26
2026/04/22 19:45:06.708, 1, GPU-3bae32ea-7500-d97f-68d3-b73eaf826482, NVIDIA A100-SXM4-80GB, 5, 81920, 0, 0, 59.92
2026/04/22 19:45:06.709, 2, GPU-34b15fc1-6bfd-d499-6da0-10a9b8b1582c, NVIDIA A100-SXM4-80GB, 5, 81920, 0, 0, 60.86
2026/04/22 19:45:06.711, 3, GPU-a20700a1-ed8d-42b4-3a83-38d3a8d7e57b, NVIDIA A100-SXM4-80GB, 5, 81920, 0, 0, 60.61
2026/04/22 19:45:07.757, 0, GPU-9526f284-5d42-42c6-7180-26e855f7cb74, NVIDIA A100-SXM4-80GB, 5, 81920, 0, 0, 63.26
2026/04/22 19:45:07.759, 1, GPU-3bae32ea-7500-d97f-68d3-b73eaf826482, NVIDIA A100-SXM4-80GB, 5, 81920, 0, 0, 59.92
2026/04/22 19:45:07.761, 2, GPU-34b15fc1-6bfd-d499-6da0-10a9b8b1582c, NVIDIA A100-SXM4-80GB, 5, 81920, 0, 0, 60.93
2026/04/22 19:45:07.762, 3, GPU-a20700a1-ed8d-42b4-3a83-38d3a8d7e57b, NVIDIA A100-SXM4-80GB, 5, 81920, 0, 0, 60.61
2026/04/22 19:45:08.809, 0, GPU-9526f284-5d42-42c6-7180-26e855f7cb74, NVIDIA A100-SXM4-80GB, 5, 81920, 0, 0, 63.26
2026/04/22 19:45:08.811, 1, GPU-3bae32ea-7500-d97f-68d3-b73eaf826482, NVIDIA A100-SXM4-80GB, 5, 81920, 0, 0, 59.92
2026/04/22 19:45:08.812, 2, GPU-34b15fc1-6bfd-d499-6da0-10a9b8b1582c, NVIDIA A100-SXM4-80GB, 5, 81920, 0, 0, 60.93
2026/04/22 19:45:08.814, 3, GPU-a20700a1-ed8d-42b4-3a83-38d3a8d7e57b, NVIDIA A100-SXM4-80GB, 5, 81920, 0, 0, 60.61
2026/04/22 19:45:09.866, 0, GPU-9526f284-5d42-42c6-7180-26e855f7cb74, NVIDIA A100-SXM4-80GB, 5, 81920, 0, 0, 63.26
2026/04/22 19:45:09.868, 1, GPU-3bae32ea-7500-d97f-68d3-b73eaf826482, NVIDIA A100-SXM4-80GB, 5, 81920, 0, 0, 59.92
2026/04/22 19:45:09.870, 2, GPU-34b15fc1-6bfd-d499-6da0-10a9b8b1582c, NVIDIA A100-SXM4-80GB, 5, 81920, 0, 0, 60.86
2026/04/22 19:45:09.872, 3, GPU-a20700a1-ed8d-42b4-3a83-38d3a8d7e57b, NVIDIA A100-SXM4-80GB, 5, 81920, 0, 0, 60.61
2026/04/22 19:45:10.926, 0, GPU-9526f284-5d42-42c6-7180-26e855f7cb74, NVIDIA A100-SXM4-80GB, 5, 81920, 0, 0, 63.26
2026/04/22 19:45:10.928, 1, GPU-3bae32ea-7500-d97f-68d3-b73eaf826482, NVIDIA A100-SXM4-80GB, 5, 81920, 0, 0, 59.92
2026/04/22 19:45:10.930, 2, GPU-34b15fc1-6bfd-d499-6da0-10a9b8b1582c, NVIDIA A100-SXM4-80GB, 5, 81920, 0, 0, 60.86
2026/04/22 19:45:10.932, 3, GPU-a20700a1-ed8d-42b4-3a83-38d3a8d7e57b, NVIDIA A100-SXM4-80GB, 5, 81920, 0, 0, 60.61
2026/04/22 19:45:11.975, 0, GPU-9526f284-5d42-42c6-7180-26e855f7cb74, NVIDIA A100-SXM4-80GB, 5, 81920, 0, 0, 63.26
2026/04/22 19:45:11.982, 1, GPU-3bae32ea-7500-d97f-68d3-b73eaf826482, NVIDIA A100-SXM4-80GB, 5, 81920, 0, 0, 59.92
2026/04/22 19:45:11.983, 2, GPU-34b15fc1-6bfd-d499-6da0-10a9b8b1582c, NVIDIA A100-SXM4-80GB, 5, 81920, 0, 0, 60.93
2026/04/22 19:45:11.985, 3, GPU-a20700a1-ed8d-42b4-3a83-38d3a8d7e57b, NVIDIA A100-SXM4-80GB, 5, 81920, 0, 0, 60.61
2026/04/22 19:45:13.036, 0, GPU-9526f284-5d42-42c6-7180-26e855f7cb74, NVIDIA A100-SXM4-80GB, 5, 81920, 0, 0, 63.26
2026/04/22 19:45:13.038, 1, GPU-3bae32ea-7500-d97f-68d3-b73eaf826482, NVIDIA A100-SXM4-80GB, 5, 81920, 0, 0, 59.92
2026/04/22 19:45:13.040, 2, GPU-34b15fc1-6bfd-d499-6da0-10a9b8b1582c, NVIDIA A100-SXM4-80GB, 5, 81920, 0, 0, 60.93
2026/04/22 19:45:13.041, 3, GPU-a20700a1-ed8d-42b4-3a83-38d3a8d7e57b, NVIDIA A100-SXM4-80GB, 5, 81920, 0, 0, 60.61
2026/04/22 19:45:14.090, 0, GPU-9526f284-5d42-42c6-7180-26e855f7cb74, NVIDIA A100-SXM4-80GB, 5, 81920, 0, 0, 63.26
2026/04/22 19:45:14.092, 1, GPU-3bae32ea-7500-d97f-68d3-b73eaf826482, NVIDIA A100-SXM4-80GB, 5, 81920, 0, 0, 59.92
2026/04/22 19:45:14.094, 2, GPU-34b15fc1-6bfd-d499-6da0-10a9b8b1582c, NVIDIA A100-SXM4-80GB, 5, 81920, 0, 0, 60.86
2026/04/22 19:45:14.095, 3, GPU-a20700a1-ed8d-42b4-3a83-38d3a8d7e57b, NVIDIA A100-SXM4-80GB, 5, 81920, 0, 0, 60.61
2026/04/22 19:45:15.153, 0, GPU-9526f284-5d42-42c6-7180-26e855f7cb74, NVIDIA A100-SXM4-80GB, 5, 81920, 0, 0, 62.97
2026/04/22 19:45:15.155, 1, GPU-3bae32ea-7500-d97f-68d3-b73eaf826482, NVIDIA A100-SXM4-80GB, 5, 81920, 0, 0, 59.92
2026/04/22 19:45:15.156, 2, GPU-34b15fc1-6bfd-d499-6da0-10a9b8b1582c, NVIDIA A100-SXM4-80GB, 5, 81920, 0, 0, 60.93
2026/04/22 19:45:15.158, 3, GPU-a20700a1-ed8d-42b4-3a83-38d3a8d7e57b, NVIDIA A100-SXM4-80GB, 5, 81920, 0, 0, 60.32
2026/04/22 19:45:16.216, 0, GPU-9526f284-5d42-42c6-7180-26e855f7cb74, NVIDIA A100-SXM4-80GB, 5, 81920, 0, 0, 63.26
2026/04/22 19:45:16.218, 1, GPU-3bae32ea-7500-d97f-68d3-b73eaf826482, NVIDIA A100-SXM4-80GB, 5, 81920, 0, 0, 59.92
2026/04/22 19:45:16.220, 2, GPU-34b15fc1-6bfd-d499-6da0-10a9b8b1582c, NVIDIA A100-SXM4-80GB, 5, 81920, 0, 0, 60.93
2026/04/22 19:45:16.226, 3, GPU-a20700a1-ed8d-42b4-3a83-38d3a8d7e57b, NVIDIA A100-SXM4-80GB, 5, 81920, 0, 0, 60.32
2026/04/22 19:45:17.275, 0, GPU-9526f284-5d42-42c6-7180-26e855f7cb74, NVIDIA A100-SXM4-80GB, 5, 81920, 0, 0, 63.26
2026/04/22 19:45:17.282, 1, GPU-3bae32ea-7500-d97f-68d3-b73eaf826482, NVIDIA A100-SXM4-80GB, 5, 81920, 0, 0, 59.92
2026/04/22 19:45:17.284, 2, GPU-34b15fc1-6bfd-d499-6da0-10a9b8b1582c, NVIDIA A100-SXM4-80GB, 5, 81920, 0, 0, 60.86
2026/04/22 19:45:17.285, 3, GPU-a20700a1-ed8d-42b4-3a83-38d3a8d7e57b, NVIDIA A100-SXM4-80GB, 5, 81920, 0, 0, 60.32
2026/04/22 19:45:18.338, 0, GPU-9526f284-5d42-42c6-7180-26e855f7cb74, NVIDIA A100-SXM4-80GB, 5, 81920, 0, 0, 62.97
2026/04/22 19:45:18.340, 1, GPU-3bae32ea-7500-d97f-68d3-b73eaf826482, NVIDIA A100-SXM4-80GB, 5, 81920, 0, 0, 59.92
2026/04/22 19:45:18.341, 2, GPU-34b15fc1-6bfd-d499-6da0-10a9b8b1582c, NVIDIA A100-SXM4-80GB, 5, 81920, 0, 0, 60.86
2026/04/22 19:45:18.343, 3, GPU-a20700a1-ed8d-42b4-3a83-38d3a8d7e57b, NVIDIA A100-SXM4-80GB, 5, 81920, 0, 0, 60.32
2026/04/22 19:45:19.394, 0, GPU-9526f284-5d42-42c6-7180-26e855f7cb74, NVIDIA A100-SXM4-80GB, 5, 81920, 0, 0, 62.97
2026/04/22 19:45:19.396, 1, GPU-3bae32ea-7500-d97f-68d3-b73eaf826482, NVIDIA A100-SXM4-80GB, 5, 81920, 0, 0, 59.92
2026/04/22 19:45:19.397, 2, GPU-34b15fc1-6bfd-d499-6da0-10a9b8b1582c, NVIDIA A100-SXM4-80GB, 5, 81920, 0, 0, 60.86
2026/04/22 19:45:19.399, 3, GPU-a20700a1-ed8d-42b4-3a83-38d3a8d7e57b, NVIDIA A100-SXM4-80GB, 5, 81920, 0, 0, 60.32
2026/04/22 19:45:20.444, 0, GPU-9526f284-5d42-42c6-7180-26e855f7cb74, NVIDIA A100-SXM4-80GB, 5, 81920, 0, 0, 62.97
2026/04/22 19:45:20.446, 1, GPU-3bae32ea-7500-d97f-68d3-b73eaf826482, NVIDIA A100-SXM4-80GB, 5, 81920, 0, 0, 59.92
2026/04/22 19:45:20.448, 2, GPU-34b15fc1-6bfd-d499-6da0-10a9b8b1582c, NVIDIA A100-SXM4-80GB, 5, 81920, 0, 0, 60.93
2026/04/22 19:45:20.449, 3, GPU-a20700a1-ed8d-42b4-3a83-38d3a8d7e57b, NVIDIA A100-SXM4-80GB, 5, 81920, 0, 0, 60.32
2026/04/22 19:45:21.499, 0, GPU-9526f284-5d42-42c6-7180-26e855f7cb74, NVIDIA A100-SXM4-80GB, 5, 81920, 0, 0, 62.97
2026/04/22 19:45:21.501, 1, GPU-3bae32ea-7500-d97f-68d3-b73eaf826482, NVIDIA A100-SXM4-80GB, 5, 81920, 0, 0, 59.92
2026/04/22 19:45:21.503, 2, GPU-34b15fc1-6bfd-d499-6da0-10a9b8b1582c, NVIDIA A100-SXM4-80GB, 5, 81920, 0, 0, 60.86
2026/04/22 19:45:21.504, 3, GPU-a20700a1-ed8d-42b4-3a83-38d3a8d7e57b, NVIDIA A100-SXM4-80GB, 5, 81920, 0, 0, 60.32
2026/04/22 19:45:22.555, 0, GPU-9526f284-5d42-42c6-7180-26e855f7cb74, NVIDIA A100-SXM4-80GB, 5, 81920, 0, 0, 62.97
2026/04/22 19:45:22.558, 1, GPU-3bae32ea-7500-d97f-68d3-b73eaf826482, NVIDIA A100-SXM4-80GB, 5, 81920, 0, 0, 59.92
2026/04/22 19:45:22.559, 2, GPU-34b15fc1-6bfd-d499-6da0-10a9b8b1582c, NVIDIA A100-SXM4-80GB, 5, 81920, 0, 0, 60.86
2026/04/22 19:45:22.561, 3, GPU-a20700a1-ed8d-42b4-3a83-38d3a8d7e57b, NVIDIA A100-SXM4-80GB, 5, 81920, 0, 0, 60.32
2026/04/22 19:45:23.610, 0, GPU-9526f284-5d42-42c6-7180-26e855f7cb74, NVIDIA A100-SXM4-80GB, 5, 81920, 0, 0, 62.97
2026/04/22 19:45:23.612, 1, GPU-3bae32ea-7500-d97f-68d3-b73eaf826482, NVIDIA A100-SXM4-80GB, 5, 81920, 0, 0, 59.92
2026/04/22 19:45:23.613, 2, GPU-34b15fc1-6bfd-d499-6da0-10a9b8b1582c, NVIDIA A100-SXM4-80GB, 5, 81920, 0, 0, 60.86
2026/04/22 19:45:23.615, 3, GPU-a20700a1-ed8d-42b4-3a83-38d3a8d7e57b, NVIDIA A100-SXM4-80GB, 5, 81920, 0, 0, 60.32
2026/04/22 19:45:24.658, 0, GPU-9526f284-5d42-42c6-7180-26e855f7cb74, NVIDIA A100-SXM4-80GB, 5, 81920, 0, 0, 62.97
2026/04/22 19:45:24.660, 1, GPU-3bae32ea-7500-d97f-68d3-b73eaf826482, NVIDIA A100-SXM4-80GB, 5, 81920, 0, 0, 59.92
2026/04/22 19:45:24.662, 2, GPU-34b15fc1-6bfd-d499-6da0-10a9b8b1582c, NVIDIA A100-SXM4-80GB, 5, 81920, 0, 0, 60.86
2026/04/22 19:45:24.663, 3, GPU-a20700a1-ed8d-42b4-3a83-38d3a8d7e57b, NVIDIA A100-SXM4-80GB, 5, 81920, 0, 0, 60.32
2026/04/22 19:45:25.709, 0, GPU-9526f284-5d42-42c6-7180-26e855f7cb74, NVIDIA A100-SXM4-80GB, 5, 81920, 0, 0, 62.97
2026/04/22 19:45:25.711, 1, GPU-3bae32ea-7500-d97f-68d3-b73eaf826482, NVIDIA A100-SXM4-80GB, 5, 81920, 0, 0, 59.92
2026/04/22 19:45:25.713, 2, GPU-34b15fc1-6bfd-d499-6da0-10a9b8b1582c, NVIDIA A100-SXM4-80GB, 5, 81920, 0, 0, 60.86
2026/04/22 19:45:25.714, 3, GPU-a20700a1-ed8d-42b4-3a83-38d3a8d7e57b, NVIDIA A100-SXM4-80GB, 5, 81920, 0, 0, 60.32
2026/04/22 19:45:26.766, 0, GPU-9526f284-5d42-42c6-7180-26e855f7cb74, NVIDIA A100-SXM4-80GB, 5, 81920, 0, 0, 62.97
2026/04/22 19:45:26.768, 1, GPU-3bae32ea-7500-d97f-68d3-b73eaf826482, NVIDIA A100-SXM4-80GB, 5, 81920, 0, 0, 59.92
2026/04/22 19:45:26.770, 2, GPU-34b15fc1-6bfd-d499-6da0-10a9b8b1582c, NVIDIA A100-SXM4-80GB, 5, 81920, 0, 0, 60.86
2026/04/22 19:45:26.771, 3, GPU-a20700a1-ed8d-42b4-3a83-38d3a8d7e57b, NVIDIA A100-SXM4-80GB, 5, 81920, 0, 0, 60.32
2026/04/22 19:45:27.829, 0, GPU-9526f284-5d42-42c6-7180-26e855f7cb74, NVIDIA A100-SXM4-80GB, 5, 81920, 0, 0, 62.97
2026/04/22 19:45:27.831, 1, GPU-3bae32ea-7500-d97f-68d3-b73eaf826482, NVIDIA A100-SXM4-80GB, 5, 81920, 0, 0, 59.92
2026/04/22 19:45:27.832, 2, GPU-34b15fc1-6bfd-d499-6da0-10a9b8b1582c, NVIDIA A100-SXM4-80GB, 5, 81920, 0, 0, 60.86
2026/04/22 19:45:27.834, 3, GPU-a20700a1-ed8d-42b4-3a83-38d3a8d7e57b, NVIDIA A100-SXM4-80GB, 5, 81920, 0, 0, 60.32
2026/04/22 19:45:28.885, 0, GPU-9526f284-5d42-42c6-7180-26e855f7cb74, NVIDIA A100-SXM4-80GB, 5, 81920, 0, 0, 62.97
2026/04/22 19:45:28.887, 1, GPU-3bae32ea-7500-d97f-68d3-b73eaf826482, NVIDIA A100-SXM4-80GB, 5, 81920, 0, 0, 59.92
2026/04/22 19:45:28.889, 2, GPU-34b15fc1-6bfd-d499-6da0-10a9b8b1582c, NVIDIA A100-SXM4-80GB, 5, 81920, 0, 0, 60.86
2026/04/22 19:45:28.890, 3, GPU-a20700a1-ed8d-42b4-3a83-38d3a8d7e57b, NVIDIA A100-SXM4-80GB, 5, 81920, 0, 0, 60.32
2026/04/22 19:45:29.944, 0, GPU-9526f284-5d42-42c6-7180-26e855f7cb74, NVIDIA A100-SXM4-80GB, 5, 81920, 0, 0, 62.97
2026/04/22 19:45:29.946, 1, GPU-3bae32ea-7500-d97f-68d3-b73eaf826482, NVIDIA A100-SXM4-80GB, 5, 81920, 0, 0, 59.92
2026/04/22 19:45:29.948, 2, GPU-34b15fc1-6bfd-d499-6da0-10a9b8b1582c, NVIDIA A100-SXM4-80GB, 5, 81920, 0, 0, 60.93
2026/04/22 19:45:29.949, 3, GPU-a20700a1-ed8d-42b4-3a83-38d3a8d7e57b, NVIDIA A100-SXM4-80GB, 5, 81920, 0, 0, 60.32
2026/04/22 19:45:31.001, 0, GPU-9526f284-5d42-42c6-7180-26e855f7cb74, NVIDIA A100-SXM4-80GB, 5, 81920, 0, 0, 62.72
2026/04/22 19:45:31.003, 1, GPU-3bae32ea-7500-d97f-68d3-b73eaf826482, NVIDIA A100-SXM4-80GB, 5, 81920, 0, 0, 59.92
2026/04/22 19:45:31.005, 2, GPU-34b15fc1-6bfd-d499-6da0-10a9b8b1582c, NVIDIA A100-SXM4-80GB, 5, 81920, 0, 0, 60.86
2026/04/22 19:45:31.006, 3, GPU-a20700a1-ed8d-42b4-3a83-38d3a8d7e57b, NVIDIA A100-SXM4-80GB, 5, 81920, 0, 0, 60.32
2026/04/22 19:45:32.056, 0, GPU-9526f284-5d42-42c6-7180-26e855f7cb74, NVIDIA A100-SXM4-80GB, 5, 81920, 0, 0, 62.72
2026/04/22 19:45:32.058, 1, GPU-3bae32ea-7500-d97f-68d3-b73eaf826482, NVIDIA A100-SXM4-80GB, 5, 81920, 0, 0, 59.92
2026/04/22 19:45:32.059, 2, GPU-34b15fc1-6bfd-d499-6da0-10a9b8b1582c, NVIDIA A100-SXM4-80GB, 5, 81920, 0, 0, 60.93
2026/04/22 19:45:32.061, 3, GPU-a20700a1-ed8d-42b4-3a83-38d3a8d7e57b, NVIDIA A100-SXM4-80GB, 5, 81920, 0, 0, 60.32
2026/04/22 19:45:33.110, 0, GPU-9526f284-5d42-42c6-7180-26e855f7cb74, NVIDIA A100-SXM4-80GB, 5, 81920, 0, 0, 62.72
2026/04/22 19:45:33.112, 1, GPU-3bae32ea-7500-d97f-68d3-b73eaf826482, NVIDIA A100-SXM4-80GB, 5, 81920, 0, 0, 59.92
2026/04/22 19:45:33.114, 2, GPU-34b15fc1-6bfd-d499-6da0-10a9b8b1582c, NVIDIA A100-SXM4-80GB, 5, 81920, 0, 0, 60.86
2026/04/22 19:45:33.116, 3, GPU-a20700a1-ed8d-42b4-3a83-38d3a8d7e57b, NVIDIA A100-SXM4-80GB, 5, 81920, 0, 0, 60.32
2026/04/22 19:45:34.167, 0, GPU-9526f284-5d42-42c6-7180-26e855f7cb74, NVIDIA A100-SXM4-80GB, 5, 81920, 0, 0, 62.72
2026/04/22 19:45:34.169, 1, GPU-3bae32ea-7500-d97f-68d3-b73eaf826482, NVIDIA A100-SXM4-80GB, 5, 81920, 0, 0, 59.92
2026/04/22 19:45:34.170, 2, GPU-34b15fc1-6bfd-d499-6da0-10a9b8b1582c, NVIDIA A100-SXM4-80GB, 5, 81920, 0, 0, 60.86
2026/04/22 19:45:34.172, 3, GPU-a20700a1-ed8d-42b4-3a83-38d3a8d7e57b, NVIDIA A100-SXM4-80GB, 5, 81920, 0, 0, 60.32
2026/04/22 19:45:35.221, 0, GPU-9526f284-5d42-42c6-7180-26e855f7cb74, NVIDIA A100-SXM4-80GB, 5, 81920, 0, 0, 62.72
2026/04/22 19:45:35.223, 1, GPU-3bae32ea-7500-d97f-68d3-b73eaf826482, NVIDIA A100-SXM4-80GB, 5, 81920, 0, 0, 59.92
2026/04/22 19:45:35.225, 2, GPU-34b15fc1-6bfd-d499-6da0-10a9b8b1582c, NVIDIA A100-SXM4-80GB, 5, 81920, 0, 0, 60.93
2026/04/22 19:45:35.229, 3, GPU-a20700a1-ed8d-42b4-3a83-38d3a8d7e57b, NVIDIA A100-SXM4-80GB, 5, 81920, 0, 0, 60.32
2026/04/22 19:45:36.279, 0, GPU-9526f284-5d42-42c6-7180-26e855f7cb74, NVIDIA A100-SXM4-80GB, 5, 81920, 0, 0, 62.72
2026/04/22 19:45:36.285, 1, GPU-3bae32ea-7500-d97f-68d3-b73eaf826482, NVIDIA A100-SXM4-80GB, 5, 81920, 0, 0, 59.92
2026/04/22 19:45:36.286, 2, GPU-34b15fc1-6bfd-d499-6da0-10a9b8b1582c, NVIDIA A100-SXM4-80GB, 5, 81920, 0, 0, 60.93
2026/04/22 19:45:36.288, 3, GPU-a20700a1-ed8d-42b4-3a83-38d3a8d7e57b, NVIDIA A100-SXM4-80GB, 5, 81920, 0, 0, 60.32
2026/04/22 19:45:37.342, 0, GPU-9526f284-5d42-42c6-7180-26e855f7cb74, NVIDIA A100-SXM4-80GB, 5, 81920, 0, 0, 62.72
2026/04/22 19:45:37.344, 1, GPU-3bae32ea-7500-d97f-68d3-b73eaf826482, NVIDIA A100-SXM4-80GB, 5, 81920, 0, 0, 59.92
2026/04/22 19:45:37.345, 2, GPU-34b15fc1-6bfd-d499-6da0-10a9b8b1582c, NVIDIA A100-SXM4-80GB, 5, 81920, 0, 0, 60.86
2026/04/22 19:45:37.347, 3, GPU-a20700a1-ed8d-42b4-3a83-38d3a8d7e57b, NVIDIA A100-SXM4-80GB, 5, 81920, 0, 0, 60.32
2026/04/22 19:45:38.397, 0, GPU-9526f284-5d42-42c6-7180-26e855f7cb74, NVIDIA A100-SXM4-80GB, 5, 81920, 0, 0, 62.72
2026/04/22 19:45:38.399, 1, GPU-3bae32ea-7500-d97f-68d3-b73eaf826482, NVIDIA A100-SXM4-80GB, 5, 81920, 0, 0, 59.92
2026/04/22 19:45:38.401, 2, GPU-34b15fc1-6bfd-d499-6da0-10a9b8b1582c, NVIDIA A100-SXM4-80GB, 5, 81920, 0, 0, 60.86
2026/04/22 19:45:38.402, 3, GPU-a20700a1-ed8d-42b4-3a83-38d3a8d7e57b, NVIDIA A100-SXM4-80GB, 5, 81920, 0, 0, 60.07
2026/04/22 19:45:39.453, 0, GPU-9526f284-5d42-42c6-7180-26e855f7cb74, NVIDIA A100-SXM4-80GB, 5, 81920, 0, 0, 62.72
2026/04/22 19:45:39.455, 1, GPU-3bae32ea-7500-d97f-68d3-b73eaf826482, NVIDIA A100-SXM4-80GB, 5, 81920, 0, 0, 59.92
2026/04/22 19:45:39.457, 2, GPU-34b15fc1-6bfd-d499-6da0-10a9b8b1582c, NVIDIA A100-SXM4-80GB, 5, 81920, 0, 0, 60.86
2026/04/22 19:45:39.458, 3, GPU-a20700a1-ed8d-42b4-3a83-38d3a8d7e57b, NVIDIA A100-SXM4-80GB, 5, 81920, 0, 0, 60.32
2026/04/22 19:45:40.512, 0, GPU-9526f284-5d42-42c6-7180-26e855f7cb74, NVIDIA A100-SXM4-80GB, 5, 81920, 0, 0, 62.72
2026/04/22 19:45:40.514, 1, GPU-3bae32ea-7500-d97f-68d3-b73eaf826482, NVIDIA A100-SXM4-80GB, 5, 81920, 0, 0, 60.21
2026/04/22 19:45:40.517, 2, GPU-34b15fc1-6bfd-d499-6da0-10a9b8b1582c, NVIDIA A100-SXM4-80GB, 5, 81920, 0, 0, 60.86
2026/04/22 19:45:40.519, 3, GPU-a20700a1-ed8d-42b4-3a83-38d3a8d7e57b, NVIDIA A100-SXM4-80GB, 5, 81920, 0, 0, 60.32
2026/04/22 19:45:41.571, 0, GPU-9526f284-5d42-42c6-7180-26e855f7cb74, NVIDIA A100-SXM4-80GB, 5, 81920, 0, 0, 62.72
2026/04/22 19:45:41.573, 1, GPU-3bae32ea-7500-d97f-68d3-b73eaf826482, NVIDIA A100-SXM4-80GB, 5, 81920, 0, 0, 59.92
2026/04/22 19:45:41.574, 2, GPU-34b15fc1-6bfd-d499-6da0-10a9b8b1582c, NVIDIA A100-SXM4-80GB, 5, 81920, 0, 0, 60.93
2026/04/22 19:45:41.576, 3, GPU-a20700a1-ed8d-42b4-3a83-38d3a8d7e57b, NVIDIA A100-SXM4-80GB, 5, 81920, 0, 0, 60.32
2026/04/22 19:45:42.631, 0, GPU-9526f284-5d42-42c6-7180-26e855f7cb74, NVIDIA A100-SXM4-80GB, 5, 81920, 0, 0, 62.72
2026/04/22 19:45:42.634, 1, GPU-3bae32ea-7500-d97f-68d3-b73eaf826482, NVIDIA A100-SXM4-80GB, 5, 81920, 0, 0, 59.92
2026/04/22 19:45:42.635, 2, GPU-34b15fc1-6bfd-d499-6da0-10a9b8b1582c, NVIDIA A100-SXM4-80GB, 5, 81920, 0, 0, 60.86
2026/04/22 19:45:42.637, 3, GPU-a20700a1-ed8d-42b4-3a83-38d3a8d7e57b, NVIDIA A100-SXM4-80GB, 5, 81920, 0, 0, 60.32
2026/04/22 19:45:43.684, 0, GPU-9526f284-5d42-42c6-7180-26e855f7cb74, NVIDIA A100-SXM4-80GB, 5, 81920, 0, 0, 62.72
2026/04/22 19:45:43.686, 1, GPU-3bae32ea-7500-d97f-68d3-b73eaf826482, NVIDIA A100-SXM4-80GB, 5, 81920, 0, 0, 59.92
2026/04/22 19:45:43.688, 2, GPU-34b15fc1-6bfd-d499-6da0-10a9b8b1582c, NVIDIA A100-SXM4-80GB, 5, 81920, 0, 0, 60.93
2026/04/22 19:45:43.689, 3, GPU-a20700a1-ed8d-42b4-3a83-38d3a8d7e57b, NVIDIA A100-SXM4-80GB, 5, 81920, 0, 0, 60.32
2026/04/22 19:45:44.743, 0, GPU-9526f284-5d42-42c6-7180-26e855f7cb74, NVIDIA A100-SXM4-80GB, 5, 81920, 0, 0, 62.72
2026/04/22 19:45:44.745, 1, GPU-3bae32ea-7500-d97f-68d3-b73eaf826482, NVIDIA A100-SXM4-80GB, 5, 81920, 0, 0, 59.92
2026/04/22 19:45:44.746, 2, GPU-34b15fc1-6bfd-d499-6da0-10a9b8b1582c, NVIDIA A100-SXM4-80GB, 5, 81920, 0, 0, 60.86
2026/04/22 19:45:44.748, 3, GPU-a20700a1-ed8d-42b4-3a83-38d3a8d7e57b, NVIDIA A100-SXM4-80GB, 5, 81920, 0, 0, 60.32
2026/04/22 19:45:45.797, 0, GPU-9526f284-5d42-42c6-7180-26e855f7cb74, NVIDIA A100-SXM4-80GB, 5, 81920, 0, 0, 62.72
2026/04/22 19:45:45.799, 1, GPU-3bae32ea-7500-d97f-68d3-b73eaf826482, NVIDIA A100-SXM4-80GB, 5, 81920, 0, 0, 59.92
2026/04/22 19:45:45.800, 2, GPU-34b15fc1-6bfd-d499-6da0-10a9b8b1582c, NVIDIA A100-SXM4-80GB, 5, 81920, 0, 0, 60.86
2026/04/22 19:45:45.802, 3, GPU-a20700a1-ed8d-42b4-3a83-38d3a8d7e57b, NVIDIA A100-SXM4-80GB, 5, 81920, 0, 0, 60.32
2026/04/22 19:45:46.853, 0, GPU-9526f284-5d42-42c6-7180-26e855f7cb74, NVIDIA A100-SXM4-80GB, 5, 81920, 0, 0, 62.72
2026/04/22 19:45:46.855, 1, GPU-3bae32ea-7500-d97f-68d3-b73eaf826482, NVIDIA A100-SXM4-80GB, 5, 81920, 0, 0, 59.92
2026/04/22 19:45:46.857, 2, GPU-34b15fc1-6bfd-d499-6da0-10a9b8b1582c, NVIDIA A100-SXM4-80GB, 5, 81920, 0, 0, 60.93
2026/04/22 19:45:46.859, 3, GPU-a20700a1-ed8d-42b4-3a83-38d3a8d7e57b, NVIDIA A100-SXM4-80GB, 5, 81920, 0, 0, 60.32
2026/04/22 19:45:47.909, 0, GPU-9526f284-5d42-42c6-7180-26e855f7cb74, NVIDIA A100-SXM4-80GB, 5, 81920, 0, 0, 63.04
2026/04/22 19:45:47.911, 1, GPU-3bae32ea-7500-d97f-68d3-b73eaf826482, NVIDIA A100-SXM4-80GB, 5, 81920, 0, 0, 59.92
2026/04/22 19:45:47.919, 2, GPU-34b15fc1-6bfd-d499-6da0-10a9b8b1582c, NVIDIA A100-SXM4-80GB, 5, 81920, 0, 0, 61.11
2026/04/22 19:45:47.920, 3, GPU-a20700a1-ed8d-42b4-3a83-38d3a8d7e57b, NVIDIA A100-SXM4-80GB, 5, 81920, 0, 0, 60.32
2026/04/22 19:45:48.973, 0, GPU-9526f284-5d42-42c6-7180-26e855f7cb74, NVIDIA A100-SXM4-80GB, 5, 81920, 0, 0, 62.72
2026/04/22 19:45:48.975, 1, GPU-3bae32ea-7500-d97f-68d3-b73eaf826482, NVIDIA A100-SXM4-80GB, 5, 81920, 0, 0, 59.92
2026/04/22 19:45:48.977, 2, GPU-34b15fc1-6bfd-d499-6da0-10a9b8b1582c, NVIDIA A100-SXM4-80GB, 5, 81920, 0, 0, 60.86
2026/04/22 19:45:48.978, 3, GPU-a20700a1-ed8d-42b4-3a83-38d3a8d7e57b, NVIDIA A100-SXM4-80GB, 5, 81920, 0, 0, 60.07
2026/04/22 19:45:50.037, 0, GPU-9526f284-5d42-42c6-7180-26e855f7cb74, NVIDIA A100-SXM4-80GB, 5, 81920, 0, 0, 62.72
2026/04/22 19:45:50.039, 1, GPU-3bae32ea-7500-d97f-68d3-b73eaf826482, NVIDIA A100-SXM4-80GB, 5, 81920, 0, 0, 59.92
2026/04/22 19:45:50.041, 2, GPU-34b15fc1-6bfd-d499-6da0-10a9b8b1582c, NVIDIA A100-SXM4-80GB, 5, 81920, 0, 0, 60.86
2026/04/22 19:45:50.042, 3, GPU-a20700a1-ed8d-42b4-3a83-38d3a8d7e57b, NVIDIA A100-SXM4-80GB, 5, 81920, 0, 0, 60.32
2026/04/22 19:45:51.089, 0, GPU-9526f284-5d42-42c6-7180-26e855f7cb74, NVIDIA A100-SXM4-80GB, 5, 81920, 0, 0, 62.72
2026/04/22 19:45:51.091, 1, GPU-3bae32ea-7500-d97f-68d3-b73eaf826482, NVIDIA A100-SXM4-80GB, 5, 81920, 0, 0, 59.92
2026/04/22 19:45:51.093, 2, GPU-34b15fc1-6bfd-d499-6da0-10a9b8b1582c, NVIDIA A100-SXM4-80GB, 5, 81920, 0, 0, 60.86
2026/04/22 19:45:51.094, 3, GPU-a20700a1-ed8d-42b4-3a83-38d3a8d7e57b, NVIDIA A100-SXM4-80GB, 5, 81920, 0, 0, 60.07
2026/04/22 19:45:52.146, 0, GPU-9526f284-5d42-42c6-7180-26e855f7cb74, NVIDIA A100-SXM4-80GB, 5, 81920, 0, 0, 62.72
2026/04/22 19:45:52.148, 1, GPU-3bae32ea-7500-d97f-68d3-b73eaf826482, NVIDIA A100-SXM4-80GB, 5, 81920, 0, 0, 59.92
2026/04/22 19:45:52.150, 2, GPU-34b15fc1-6bfd-d499-6da0-10a9b8b1582c, NVIDIA A100-SXM4-80GB, 5, 81920, 0, 0, 60.86
2026/04/22 19:45:52.151, 3, GPU-a20700a1-ed8d-42b4-3a83-38d3a8d7e57b, NVIDIA A100-SXM4-80GB, 5, 81920, 0, 0, 60.07
2026/04/22 19:45:53.202, 0, GPU-9526f284-5d42-42c6-7180-26e855f7cb74, NVIDIA A100-SXM4-80GB, 5, 81920, 0, 0, 62.72
2026/04/22 19:45:53.204, 1, GPU-3bae32ea-7500-d97f-68d3-b73eaf826482, NVIDIA A100-SXM4-80GB, 5, 81920, 0, 0, 59.92
2026/04/22 19:45:53.206, 2, GPU-34b15fc1-6bfd-d499-6da0-10a9b8b1582c, NVIDIA A100-SXM4-80GB, 5, 81920, 0, 0, 60.93
2026/04/22 19:45:53.207, 3, GPU-a20700a1-ed8d-42b4-3a83-38d3a8d7e57b, NVIDIA A100-SXM4-80GB, 5, 81920, 0, 0, 60.39
2026/04/22 19:45:54.258, 0, GPU-9526f284-5d42-42c6-7180-26e855f7cb74, NVIDIA A100-SXM4-80GB, 5, 81920, 0, 0, 62.43
2026/04/22 19:45:54.260, 1, GPU-3bae32ea-7500-d97f-68d3-b73eaf826482, NVIDIA A100-SXM4-80GB, 5, 81920, 0, 0, 59.92
2026/04/22 19:45:54.261, 2, GPU-34b15fc1-6bfd-d499-6da0-10a9b8b1582c, NVIDIA A100-SXM4-80GB, 5, 81920, 0, 0, 60.93
2026/04/22 19:45:54.263, 3, GPU-a20700a1-ed8d-42b4-3a83-38d3a8d7e57b, NVIDIA A100-SXM4-80GB, 5, 81920, 0, 0, 60.14
2026/04/22 19:45:55.314, 0, GPU-9526f284-5d42-42c6-7180-26e855f7cb74, NVIDIA A100-SXM4-80GB, 5, 81920, 0, 0, 62.43
2026/04/22 19:45:55.316, 1, GPU-3bae32ea-7500-d97f-68d3-b73eaf826482, NVIDIA A100-SXM4-80GB, 5, 81920, 0, 0, 59.92
2026/04/22 19:45:55.320, 2, GPU-34b15fc1-6bfd-d499-6da0-10a9b8b1582c, NVIDIA A100-SXM4-80GB, 5, 81920, 0, 0, 60.86
2026/04/22 19:45:55.322, 3, GPU-a20700a1-ed8d-42b4-3a83-38d3a8d7e57b, NVIDIA A100-SXM4-80GB, 5, 81920, 0, 0, 60.07
2026/04/22 19:45:56.377, 0, GPU-9526f284-5d42-42c6-7180-26e855f7cb74, NVIDIA A100-SXM4-80GB, 5, 81920, 0, 0, 62.43
2026/04/22 19:45:56.379, 1, GPU-3bae32ea-7500-d97f-68d3-b73eaf826482, NVIDIA A100-SXM4-80GB, 5, 81920, 0, 0, 59.92
2026/04/22 19:45:56.381, 2, GPU-34b15fc1-6bfd-d499-6da0-10a9b8b1582c, NVIDIA A100-SXM4-80GB, 5, 81920, 0, 0, 60.93
2026/04/22 19:45:56.382, 3, GPU-a20700a1-ed8d-42b4-3a83-38d3a8d7e57b, NVIDIA A100-SXM4-80GB, 5, 81920, 0, 0, 60.07
2026/04/22 19:45:57.443, 0, GPU-9526f284-5d42-42c6-7180-26e855f7cb74, NVIDIA A100-SXM4-80GB, 5, 81920, 0, 0, 62.50
2026/04/22 19:45:57.445, 1, GPU-3bae32ea-7500-d97f-68d3-b73eaf826482, NVIDIA A100-SXM4-80GB, 5, 81920, 0, 0, 59.92
2026/04/22 19:45:57.447, 2, GPU-34b15fc1-6bfd-d499-6da0-10a9b8b1582c, NVIDIA A100-SXM4-80GB, 5, 81920, 0, 0, 60.86
2026/04/22 19:45:57.449, 3, GPU-a20700a1-ed8d-42b4-3a83-38d3a8d7e57b, NVIDIA A100-SXM4-80GB, 5, 81920, 0, 0, 60.14
2026/04/22 19:45:58.502, 0, GPU-9526f284-5d42-42c6-7180-26e855f7cb74, NVIDIA A100-SXM4-80GB, 5, 81920, 0, 0, 62.43
2026/04/22 19:45:58.504, 1, GPU-3bae32ea-7500-d97f-68d3-b73eaf826482, NVIDIA A100-SXM4-80GB, 5, 81920, 0, 0, 59.92
2026/04/22 19:45:58.506, 2, GPU-34b15fc1-6bfd-d499-6da0-10a9b8b1582c, NVIDIA A100-SXM4-80GB, 5, 81920, 0, 0, 60.86
2026/04/22 19:45:58.507, 3, GPU-a20700a1-ed8d-42b4-3a83-38d3a8d7e57b, NVIDIA A100-SXM4-80GB, 5, 81920, 0, 0, 60.07
2026/04/22 19:45:59.560, 0, GPU-9526f284-5d42-42c6-7180-26e855f7cb74, NVIDIA A100-SXM4-80GB, 5, 81920, 0, 0, 62.43
2026/04/22 19:45:59.562, 1, GPU-3bae32ea-7500-d97f-68d3-b73eaf826482, NVIDIA A100-SXM4-80GB, 5, 81920, 0, 0, 59.92
2026/04/22 19:45:59.564, 2, GPU-34b15fc1-6bfd-d499-6da0-10a9b8b1582c, NVIDIA A100-SXM4-80GB, 5, 81920, 0, 0, 60.93
2026/04/22 19:45:59.566, 3, GPU-a20700a1-ed8d-42b4-3a83-38d3a8d7e57b, NVIDIA A100-SXM4-80GB, 5, 81920, 0, 0, 60.07
2026/04/22 19:46:00.614, 0, GPU-9526f284-5d42-42c6-7180-26e855f7cb74, NVIDIA A100-SXM4-80GB, 5, 81920, 0, 0, 62.43
2026/04/22 19:46:00.616, 1, GPU-3bae32ea-7500-d97f-68d3-b73eaf826482, NVIDIA A100-SXM4-80GB, 5, 81920, 0, 0, 59.92
2026/04/22 19:46:00.619, 2, GPU-34b15fc1-6bfd-d499-6da0-10a9b8b1582c, NVIDIA A100-SXM4-80GB, 5, 81920, 0, 0, 60.86
2026/04/22 19:46:00.621, 3, GPU-a20700a1-ed8d-42b4-3a83-38d3a8d7e57b, NVIDIA A100-SXM4-80GB, 5, 81920, 0, 0, 60.14
2026/04/22 19:46:01.669, 0, GPU-9526f284-5d42-42c6-7180-26e855f7cb74, NVIDIA A100-SXM4-80GB, 5, 81920, 0, 0, 62.43
2026/04/22 19:46:01.671, 1, GPU-3bae32ea-7500-d97f-68d3-b73eaf826482, NVIDIA A100-SXM4-80GB, 5, 81920, 0, 0, 59.92
2026/04/22 19:46:01.672, 2, GPU-34b15fc1-6bfd-d499-6da0-10a9b8b1582c, NVIDIA A100-SXM4-80GB, 5, 81920, 0, 0, 60.86
2026/04/22 19:46:01.674, 3, GPU-a20700a1-ed8d-42b4-3a83-38d3a8d7e57b, NVIDIA A100-SXM4-80GB, 5, 81920, 0, 0, 60.07
2026/04/22 19:46:02.718, 0, GPU-9526f284-5d42-42c6-7180-26e855f7cb74, NVIDIA A100-SXM4-80GB, 5, 81920, 0, 0, 62.43
2026/04/22 19:46:02.721, 1, GPU-3bae32ea-7500-d97f-68d3-b73eaf826482, NVIDIA A100-SXM4-80GB, 5, 81920, 0, 0, 59.92
2026/04/22 19:46:02.723, 2, GPU-34b15fc1-6bfd-d499-6da0-10a9b8b1582c, NVIDIA A100-SXM4-80GB, 5, 81920, 0, 0, 60.93
2026/04/22 19:46:02.724, 3, GPU-a20700a1-ed8d-42b4-3a83-38d3a8d7e57b, NVIDIA A100-SXM4-80GB, 5, 81920, 0, 0, 60.07
2026/04/22 19:46:03.780, 0, GPU-9526f284-5d42-42c6-7180-26e855f7cb74, NVIDIA A100-SXM4-80GB, 5, 81920, 0, 0, 62.43
2026/04/22 19:46:03.782, 1, GPU-3bae32ea-7500-d97f-68d3-b73eaf826482, NVIDIA A100-SXM4-80GB, 5, 81920, 0, 0, 59.92
2026/04/22 19:46:03.783, 2, GPU-34b15fc1-6bfd-d499-6da0-10a9b8b1582c, NVIDIA A100-SXM4-80GB, 5, 81920, 0, 0, 60.93
2026/04/22 19:46:03.785, 3, GPU-a20700a1-ed8d-42b4-3a83-38d3a8d7e57b, NVIDIA A100-SXM4-80GB, 5, 81920, 0, 0, 60.14
2026/04/22 19:46:04.838, 0, GPU-9526f284-5d42-42c6-7180-26e855f7cb74, NVIDIA A100-SXM4-80GB, 5, 81920, 0, 0, 62.43
2026/04/22 19:46:04.840, 1, GPU-3bae32ea-7500-d97f-68d3-b73eaf826482, NVIDIA A100-SXM4-80GB, 5, 81920, 0, 0, 59.92
2026/04/22 19:46:04.842, 2, GPU-34b15fc1-6bfd-d499-6da0-10a9b8b1582c, NVIDIA A100-SXM4-80GB, 5, 81920, 0, 0, 60.86
2026/04/22 19:46:04.843, 3, GPU-a20700a1-ed8d-42b4-3a83-38d3a8d7e57b, NVIDIA A100-SXM4-80GB, 5, 81920, 0, 0, 60.07
2026/04/22 19:46:05.895, 0, GPU-9526f284-5d42-42c6-7180-26e855f7cb74, NVIDIA A100-SXM4-80GB, 5, 81920, 0, 0, 62.43
2026/04/22 19:46:05.897, 1, GPU-3bae32ea-7500-d97f-68d3-b73eaf826482, NVIDIA A100-SXM4-80GB, 5, 81920, 0, 0, 59.92
2026/04/22 19:46:05.898, 2, GPU-34b15fc1-6bfd-d499-6da0-10a9b8b1582c, NVIDIA A100-SXM4-80GB, 5, 81920, 0, 0, 60.86
2026/04/22 19:46:05.900, 3, GPU-a20700a1-ed8d-42b4-3a83-38d3a8d7e57b, NVIDIA A100-SXM4-80GB, 5, 81920, 0, 0, 60.07
2026/04/22 19:46:06.950, 0, GPU-9526f284-5d42-42c6-7180-26e855f7cb74, NVIDIA A100-SXM4-80GB, 5, 81920, 0, 0, 62.43
2026/04/22 19:46:06.952, 1, GPU-3bae32ea-7500-d97f-68d3-b73eaf826482, NVIDIA A100-SXM4-80GB, 5, 81920, 0, 0, 59.92
2026/04/22 19:46:06.954, 2, GPU-34b15fc1-6bfd-d499-6da0-10a9b8b1582c, NVIDIA A100-SXM4-80GB, 5, 81920, 0, 0, 60.86
2026/04/22 19:46:06.955, 3, GPU-a20700a1-ed8d-42b4-3a83-38d3a8d7e57b, NVIDIA A100-SXM4-80GB, 5, 81920, 0, 0, 60.07
2026/04/22 19:46:08.005, 0, GPU-9526f284-5d42-42c6-7180-26e855f7cb74, NVIDIA A100-SXM4-80GB, 5, 81920, 0, 0, 62.43
2026/04/22 19:46:08.007, 1, GPU-3bae32ea-7500-d97f-68d3-b73eaf826482, NVIDIA A100-SXM4-80GB, 5, 81920, 0, 0, 59.92
2026/04/22 19:46:08.008, 2, GPU-34b15fc1-6bfd-d499-6da0-10a9b8b1582c, NVIDIA A100-SXM4-80GB, 5, 81920, 0, 0, 60.86
2026/04/22 19:46:08.010, 3, GPU-a20700a1-ed8d-42b4-3a83-38d3a8d7e57b, NVIDIA A100-SXM4-80GB, 5, 81920, 0, 0, 60.14
2026/04/22 19:46:09.069, 0, GPU-9526f284-5d42-42c6-7180-26e855f7cb74, NVIDIA A100-SXM4-80GB, 5, 81920, 0, 0, 62.43
2026/04/22 19:46:09.071, 1, GPU-3bae32ea-7500-d97f-68d3-b73eaf826482, NVIDIA A100-SXM4-80GB, 5, 81920, 0, 0, 59.92
2026/04/22 19:46:09.072, 2, GPU-34b15fc1-6bfd-d499-6da0-10a9b8b1582c, NVIDIA A100-SXM4-80GB, 5, 81920, 0, 0, 60.86
2026/04/22 19:46:09.074, 3, GPU-a20700a1-ed8d-42b4-3a83-38d3a8d7e57b, NVIDIA A100-SXM4-80GB, 5, 81920, 0, 0, 60.07
2026/04/22 19:46:10.123, 0, GPU-9526f284-5d42-42c6-7180-26e855f7cb74, NVIDIA A100-SXM4-80GB, 5, 81920, 0, 0, 62.43
2026/04/22 19:46:10.125, 1, GPU-3bae32ea-7500-d97f-68d3-b73eaf826482, NVIDIA A100-SXM4-80GB, 5, 81920, 0, 0, 59.92
2026/04/22 19:46:10.126, 2, GPU-34b15fc1-6bfd-d499-6da0-10a9b8b1582c, NVIDIA A100-SXM4-80GB, 5, 81920, 0, 0, 60.93
2026/04/22 19:46:10.128, 3, GPU-a20700a1-ed8d-42b4-3a83-38d3a8d7e57b, NVIDIA A100-SXM4-80GB, 5, 81920, 0, 0, 60.07
2026/04/22 19:46:11.177, 0, GPU-9526f284-5d42-42c6-7180-26e855f7cb74, NVIDIA A100-SXM4-80GB, 5, 81920, 0, 0, 62.43
2026/04/22 19:46:11.179, 1, GPU-3bae32ea-7500-d97f-68d3-b73eaf826482, NVIDIA A100-SXM4-80GB, 5, 81920, 0, 0, 59.92
2026/04/22 19:46:11.181, 2, GPU-34b15fc1-6bfd-d499-6da0-10a9b8b1582c, NVIDIA A100-SXM4-80GB, 5, 81920, 0, 0, 60.86
2026/04/22 19:46:11.182, 3, GPU-a20700a1-ed8d-42b4-3a83-38d3a8d7e57b, NVIDIA A100-SXM4-80GB, 5, 81920, 0, 0, 60.07
2026/04/22 19:46:12.240, 0, GPU-9526f284-5d42-42c6-7180-26e855f7cb74, NVIDIA A100-SXM4-80GB, 5, 81920, 0, 0, 62.43
2026/04/22 19:46:12.243, 1, GPU-3bae32ea-7500-d97f-68d3-b73eaf826482, NVIDIA A100-SXM4-80GB, 5, 81920, 0, 0, 59.92
2026/04/22 19:46:12.244, 2, GPU-34b15fc1-6bfd-d499-6da0-10a9b8b1582c, NVIDIA A100-SXM4-80GB, 5, 81920, 0, 0, 60.86
2026/04/22 19:46:12.246, 3, GPU-a20700a1-ed8d-42b4-3a83-38d3a8d7e57b, NVIDIA A100-SXM4-80GB, 5, 81920, 0, 0, 60.07
2026/04/22 19:46:13.294, 0, GPU-9526f284-5d42-42c6-7180-26e855f7cb74, NVIDIA A100-SXM4-80GB, 5, 81920, 0, 0, 62.43
2026/04/22 19:46:13.296, 1, GPU-3bae32ea-7500-d97f-68d3-b73eaf826482, NVIDIA A100-SXM4-80GB, 5, 81920, 0, 0, 59.92
2026/04/22 19:46:13.298, 2, GPU-34b15fc1-6bfd-d499-6da0-10a9b8b1582c, NVIDIA A100-SXM4-80GB, 5, 81920, 0, 0, 60.93
2026/04/22 19:46:13.299, 3, GPU-a20700a1-ed8d-42b4-3a83-38d3a8d7e57b, NVIDIA A100-SXM4-80GB, 5, 81920, 0, 0, 60.14
2026/04/22 19:46:14.351, 0, GPU-9526f284-5d42-42c6-7180-26e855f7cb74, NVIDIA A100-SXM4-80GB, 5, 81920, 0, 0, 62.43
2026/04/22 19:46:14.354, 1, GPU-3bae32ea-7500-d97f-68d3-b73eaf826482, NVIDIA A100-SXM4-80GB, 5, 81920, 0, 0, 59.92
2026/04/22 19:46:14.355, 2, GPU-34b15fc1-6bfd-d499-6da0-10a9b8b1582c, NVIDIA A100-SXM4-80GB, 5, 81920, 0, 0, 60.86
2026/04/22 19:46:14.357, 3, GPU-a20700a1-ed8d-42b4-3a83-38d3a8d7e57b, NVIDIA A100-SXM4-80GB, 5, 81920, 0, 0, 60.14
2026/04/22 19:46:15.406, 0, GPU-9526f284-5d42-42c6-7180-26e855f7cb74, NVIDIA A100-SXM4-80GB, 5, 81920, 0, 0, 62.43
2026/04/22 19:46:15.408, 1, GPU-3bae32ea-7500-d97f-68d3-b73eaf826482, NVIDIA A100-SXM4-80GB, 5, 81920, 0, 0, 59.92
2026/04/22 19:46:15.410, 2, GPU-34b15fc1-6bfd-d499-6da0-10a9b8b1582c, NVIDIA A100-SXM4-80GB, 5, 81920, 0, 0, 60.86
2026/04/22 19:46:15.411, 3, GPU-a20700a1-ed8d-42b4-3a83-38d3a8d7e57b, NVIDIA A100-SXM4-80GB, 427, 81920, 0, 0, 76.02
2026/04/22 19:46:16.452, 0, GPU-9526f284-5d42-42c6-7180-26e855f7cb74, NVIDIA A100-SXM4-80GB, 5, 81920, 0, 0, 62.43
2026/04/22 19:46:16.454, 1, GPU-3bae32ea-7500-d97f-68d3-b73eaf826482, NVIDIA A100-SXM4-80GB, 491, 81920, 1, 0, 71.32
2026/04/22 19:46:16.455, 2, GPU-34b15fc1-6bfd-d499-6da0-10a9b8b1582c, NVIDIA A100-SXM4-80GB, 5, 81920, 0, 0, 60.86
2026/04/22 19:46:16.457, 3, GPU-a20700a1-ed8d-42b4-3a83-38d3a8d7e57b, NVIDIA A100-SXM4-80GB, 491, 81920, 0, 0, 71.45
2026/04/22 19:46:17.497, 0, GPU-9526f284-5d42-42c6-7180-26e855f7cb74, NVIDIA A100-SXM4-80GB, 491, 81920, 1, 0, 73.31
2026/04/22 19:46:17.499, 1, GPU-3bae32ea-7500-d97f-68d3-b73eaf826482, NVIDIA A100-SXM4-80GB, 491, 81920, 0, 0, 71.53
2026/04/22 19:46:17.500, 2, GPU-34b15fc1-6bfd-d499-6da0-10a9b8b1582c, NVIDIA A100-SXM4-80GB, 5, 81920, 0, 0, 60.86
2026/04/22 19:46:17.501, 3, GPU-a20700a1-ed8d-42b4-3a83-38d3a8d7e57b, NVIDIA A100-SXM4-80GB, 491, 81920, 0, 0, 71.45
2026/04/22 19:46:18.541, 0, GPU-9526f284-5d42-42c6-7180-26e855f7cb74, NVIDIA A100-SXM4-80GB, 491, 81920, 0, 0, 73.31
2026/04/22 19:46:18.543, 1, GPU-3bae32ea-7500-d97f-68d3-b73eaf826482, NVIDIA A100-SXM4-80GB, 491, 81920, 0, 0, 71.24
2026/04/22 19:46:18.544, 2, GPU-34b15fc1-6bfd-d499-6da0-10a9b8b1582c, NVIDIA A100-SXM4-80GB, 491, 81920, 1, 0, 72.42
2026/04/22 19:46:18.545, 3, GPU-a20700a1-ed8d-42b4-3a83-38d3a8d7e57b, NVIDIA A100-SXM4-80GB, 491, 81920, 0, 0, 71.45
2026/04/22 19:46:19.583, 0, GPU-9526f284-5d42-42c6-7180-26e855f7cb74, NVIDIA A100-SXM4-80GB, 1165, 81920, 0, 0, 73.85
2026/04/22 19:46:19.585, 1, GPU-3bae32ea-7500-d97f-68d3-b73eaf826482, NVIDIA A100-SXM4-80GB, 1165, 81920, 0, 0, 73.38
2026/04/22 19:46:19.586, 2, GPU-34b15fc1-6bfd-d499-6da0-10a9b8b1582c, NVIDIA A100-SXM4-80GB, 1229, 81920, 0, 0, 72.95
2026/04/22 19:46:19.587, 3, GPU-a20700a1-ed8d-42b4-3a83-38d3a8d7e57b, NVIDIA A100-SXM4-80GB, 1165, 81920, 0, 0, 73.88
2026/04/22 19:46:20.632, 0, GPU-9526f284-5d42-42c6-7180-26e855f7cb74, NVIDIA A100-SXM4-80GB, 1165, 81920, 0, 0, 73.31
2026/04/22 19:46:20.634, 1, GPU-3bae32ea-7500-d97f-68d3-b73eaf826482, NVIDIA A100-SXM4-80GB, 1165, 81920, 0, 0, 71.24
2026/04/22 19:46:20.636, 2, GPU-34b15fc1-6bfd-d499-6da0-10a9b8b1582c, NVIDIA A100-SXM4-80GB, 1229, 81920, 0, 0, 72.42
2026/04/22 19:46:20.638, 3, GPU-a20700a1-ed8d-42b4-3a83-38d3a8d7e57b, NVIDIA A100-SXM4-80GB, 1165, 81920, 0, 0, 71.69
2026/04/22 19:46:21.677, 0, GPU-9526f284-5d42-42c6-7180-26e855f7cb74, NVIDIA A100-SXM4-80GB, 2137, 81920, 0, 0, 73.46
2026/04/22 19:46:21.679, 1, GPU-3bae32ea-7500-d97f-68d3-b73eaf826482, NVIDIA A100-SXM4-80GB, 3161, 81920, 2, 1, 122.82
2026/04/22 19:46:21.680, 2, GPU-34b15fc1-6bfd-d499-6da0-10a9b8b1582c, NVIDIA A100-SXM4-80GB, 3161, 81920, 2, 1, 72.63
2026/04/22 19:46:21.681, 3, GPU-a20700a1-ed8d-42b4-3a83-38d3a8d7e57b, NVIDIA A100-SXM4-80GB, 3161, 81920, 2, 1, 71.98
2026/04/22 19:46:22.722, 0, GPU-9526f284-5d42-42c6-7180-26e855f7cb74, NVIDIA A100-SXM4-80GB, 5209, 81920, 81, 49, 228.95
2026/04/22 19:46:22.725, 1, GPU-3bae32ea-7500-d97f-68d3-b73eaf826482, NVIDIA A100-SXM4-80GB, 3161, 81920, 81, 52, 172.46
2026/04/22 19:46:22.727, 2, GPU-34b15fc1-6bfd-d499-6da0-10a9b8b1582c, NVIDIA A100-SXM4-80GB, 3161, 81920, 81, 49, 245.49
2026/04/22 19:46:22.729, 3, GPU-a20700a1-ed8d-42b4-3a83-38d3a8d7e57b, NVIDIA A100-SXM4-80GB, 3161, 81920, 80, 48, 204.03
2026/04/22 19:46:23.772, 0, GPU-9526f284-5d42-42c6-7180-26e855f7cb74, NVIDIA A100-SXM4-80GB, 5209, 81920, 83, 55, 228.96
2026/04/22 19:46:23.775, 1, GPU-3bae32ea-7500-d97f-68d3-b73eaf826482, NVIDIA A100-SXM4-80GB, 3161, 81920, 87, 53, 224.95
2026/04/22 19:46:23.777, 2, GPU-34b15fc1-6bfd-d499-6da0-10a9b8b1582c, NVIDIA A100-SXM4-80GB, 3161, 81920, 86, 53, 240.70
2026/04/22 19:46:23.779, 3, GPU-a20700a1-ed8d-42b4-3a83-38d3a8d7e57b, NVIDIA A100-SXM4-80GB, 3161, 81920, 88, 53, 252.27
2026/04/22 19:46:24.820, 0, GPU-9526f284-5d42-42c6-7180-26e855f7cb74, NVIDIA A100-SXM4-80GB, 5209, 81920, 86, 54, 224.91
2026/04/22 19:46:24.823, 1, GPU-3bae32ea-7500-d97f-68d3-b73eaf826482, NVIDIA A100-SXM4-80GB, 3161, 81920, 84, 53, 235.39
2026/04/22 19:46:24.825, 2, GPU-34b15fc1-6bfd-d499-6da0-10a9b8b1582c, NVIDIA A100-SXM4-80GB, 3161, 81920, 85, 53, 236.14
2026/04/22 19:46:24.826, 3, GPU-a20700a1-ed8d-42b4-3a83-38d3a8d7e57b, NVIDIA A100-SXM4-80GB, 3161, 81920, 89, 53, 232.20
2026/04/22 19:46:25.868, 0, GPU-9526f284-5d42-42c6-7180-26e855f7cb74, NVIDIA A100-SXM4-80GB, 5209, 81920, 86, 55, 244.27
2026/04/22 19:46:25.871, 1, GPU-3bae32ea-7500-d97f-68d3-b73eaf826482, NVIDIA A100-SXM4-80GB, 3161, 81920, 84, 52, 232.47
2026/04/22 19:46:25.872, 2, GPU-34b15fc1-6bfd-d499-6da0-10a9b8b1582c, NVIDIA A100-SXM4-80GB, 3161, 81920, 88, 53, 228.14
2026/04/22 19:46:25.874, 3, GPU-a20700a1-ed8d-42b4-3a83-38d3a8d7e57b, NVIDIA A100-SXM4-80GB, 3161, 81920, 88, 54, 187.57
2026/04/22 19:46:26.922, 0, GPU-9526f284-5d42-42c6-7180-26e855f7cb74, NVIDIA A100-SXM4-80GB, 5209, 81920, 83, 53, 251.52
2026/04/22 19:46:26.924, 1, GPU-3bae32ea-7500-d97f-68d3-b73eaf826482, NVIDIA A100-SXM4-80GB, 3161, 81920, 86, 51, 230.86
2026/04/22 19:46:26.925, 2, GPU-34b15fc1-6bfd-d499-6da0-10a9b8b1582c, NVIDIA A100-SXM4-80GB, 3161, 81920, 83, 52, 234.56
2026/04/22 19:46:26.927, 3, GPU-a20700a1-ed8d-42b4-3a83-38d3a8d7e57b, NVIDIA A100-SXM4-80GB, 3161, 81920, 86, 51, 191.11
2026/04/22 19:46:27.970, 0, GPU-9526f284-5d42-42c6-7180-26e855f7cb74, NVIDIA A100-SXM4-80GB, 5209, 81920, 85, 53, 237.02
2026/04/22 19:46:27.973, 1, GPU-3bae32ea-7500-d97f-68d3-b73eaf826482, NVIDIA A100-SXM4-80GB, 3161, 81920, 85, 52, 201.80
2026/04/22 19:46:27.974, 2, GPU-34b15fc1-6bfd-d499-6da0-10a9b8b1582c, NVIDIA A100-SXM4-80GB, 3161, 81920, 84, 51, 246.31
2026/04/22 19:46:27.976, 3, GPU-a20700a1-ed8d-42b4-3a83-38d3a8d7e57b, NVIDIA A100-SXM4-80GB, 3161, 81920, 88, 52, 240.77
2026/04/22 19:46:29.021, 0, GPU-9526f284-5d42-42c6-7180-26e855f7cb74, NVIDIA A100-SXM4-80GB, 5209, 81920, 85, 54, 232.44
2026/04/22 19:46:29.024, 1, GPU-3bae32ea-7500-d97f-68d3-b73eaf826482, NVIDIA A100-SXM4-80GB, 3161, 81920, 85, 52, 227.36
2026/04/22 19:46:29.025, 2, GPU-34b15fc1-6bfd-d499-6da0-10a9b8b1582c, NVIDIA A100-SXM4-80GB, 3161, 81920, 87, 52, 219.34
2026/04/22 19:46:29.026, 3, GPU-a20700a1-ed8d-42b4-3a83-38d3a8d7e57b, NVIDIA A100-SXM4-80GB, 3161, 81920, 84, 51, 231.62
2026/04/22 19:46:30.069, 0, GPU-9526f284-5d42-42c6-7180-26e855f7cb74, NVIDIA A100-SXM4-80GB, 5209, 81920, 75, 39, 236.78
2026/04/22 19:46:30.072, 1, GPU-3bae32ea-7500-d97f-68d3-b73eaf826482, NVIDIA A100-SXM4-80GB, 3161, 81920, 78, 43, 230.83
2026/04/22 19:46:30.074, 2, GPU-34b15fc1-6bfd-d499-6da0-10a9b8b1582c, NVIDIA A100-SXM4-80GB, 3161, 81920, 79, 43, 206.00
2026/04/22 19:46:30.076, 3, GPU-a20700a1-ed8d-42b4-3a83-38d3a8d7e57b, NVIDIA A100-SXM4-80GB, 3161, 81920, 76, 45, 237.01
2026/04/22 19:46:31.120, 0, GPU-9526f284-5d42-42c6-7180-26e855f7cb74, NVIDIA A100-SXM4-80GB, 5209, 81920, 85, 54, 237.84
2026/04/22 19:46:31.123, 1, GPU-3bae32ea-7500-d97f-68d3-b73eaf826482, NVIDIA A100-SXM4-80GB, 3161, 81920, 86, 51, 219.84
2026/04/22 19:46:31.124, 2, GPU-34b15fc1-6bfd-d499-6da0-10a9b8b1582c, NVIDIA A100-SXM4-80GB, 3161, 81920, 88, 53, 233.51
2026/04/22 19:46:31.126, 3, GPU-a20700a1-ed8d-42b4-3a83-38d3a8d7e57b, NVIDIA A100-SXM4-80GB, 3161, 81920, 83, 52, 231.62
2026/04/22 19:46:32.167, 0, GPU-9526f284-5d42-42c6-7180-26e855f7cb74, NVIDIA A100-SXM4-80GB, 5209, 81920, 83, 55, 244.03
2026/04/22 19:46:32.170, 1, GPU-3bae32ea-7500-d97f-68d3-b73eaf826482, NVIDIA A100-SXM4-80GB, 3161, 81920, 84, 53, 239.70
2026/04/22 19:46:32.172, 2, GPU-34b15fc1-6bfd-d499-6da0-10a9b8b1582c, NVIDIA A100-SXM4-80GB, 3161, 81920, 87, 51, 232.17
2026/04/22 19:46:32.174, 3, GPU-a20700a1-ed8d-42b4-3a83-38d3a8d7e57b, NVIDIA A100-SXM4-80GB, 3161, 81920, 86, 51, 223.34
2026/04/22 19:46:33.220, 0, GPU-9526f284-5d42-42c6-7180-26e855f7cb74, NVIDIA A100-SXM4-80GB, 5209, 81920, 84, 54, 242.39
2026/04/22 19:46:33.223, 1, GPU-3bae32ea-7500-d97f-68d3-b73eaf826482, NVIDIA A100-SXM4-80GB, 3161, 81920, 83, 52, 223.31
2026/04/22 19:46:33.224, 2, GPU-34b15fc1-6bfd-d499-6da0-10a9b8b1582c, NVIDIA A100-SXM4-80GB, 3161, 81920, 84, 51, 221.50
2026/04/22 19:46:33.225, 3, GPU-a20700a1-ed8d-42b4-3a83-38d3a8d7e57b, NVIDIA A100-SXM4-80GB, 3161, 81920, 88, 51, 233.50
2026/04/22 19:46:34.269, 0, GPU-9526f284-5d42-42c6-7180-26e855f7cb74, NVIDIA A100-SXM4-80GB, 5209, 81920, 88, 55, 236.20
2026/04/22 19:46:34.272, 1, GPU-3bae32ea-7500-d97f-68d3-b73eaf826482, NVIDIA A100-SXM4-80GB, 3161, 81920, 86, 52, 229.22
2026/04/22 19:46:34.273, 2, GPU-34b15fc1-6bfd-d499-6da0-10a9b8b1582c, NVIDIA A100-SXM4-80GB, 3161, 81920, 84, 52, 231.35
2026/04/22 19:46:34.275, 3, GPU-a20700a1-ed8d-42b4-3a83-38d3a8d7e57b, NVIDIA A100-SXM4-80GB, 3161, 81920, 84, 51, 212.89
2026/04/22 19:46:35.320, 0, GPU-9526f284-5d42-42c6-7180-26e855f7cb74, NVIDIA A100-SXM4-80GB, 5209, 81920, 87, 54, 258.81
2026/04/22 19:46:35.322, 1, GPU-3bae32ea-7500-d97f-68d3-b73eaf826482, NVIDIA A100-SXM4-80GB, 3161, 81920, 85, 52, 227.36
2026/04/22 19:46:35.325, 2, GPU-34b15fc1-6bfd-d499-6da0-10a9b8b1582c, NVIDIA A100-SXM4-80GB, 3161, 81920, 86, 52, 239.36
2026/04/22 19:46:35.327, 3, GPU-a20700a1-ed8d-42b4-3a83-38d3a8d7e57b, NVIDIA A100-SXM4-80GB, 3161, 81920, 88, 56, 207.21
2026/04/22 19:46:36.370, 0, GPU-9526f284-5d42-42c6-7180-26e855f7cb74, NVIDIA A100-SXM4-80GB, 5209, 81920, 86, 55, 242.68
2026/04/22 19:46:36.373, 1, GPU-3bae32ea-7500-d97f-68d3-b73eaf826482, NVIDIA A100-SXM4-80GB, 3161, 81920, 85, 53, 238.64
2026/04/22 19:46:36.374, 2, GPU-34b15fc1-6bfd-d499-6da0-10a9b8b1582c, NVIDIA A100-SXM4-80GB, 3161, 81920, 87, 51, 219.34
2026/04/22 19:46:36.376, 3, GPU-a20700a1-ed8d-42b4-3a83-38d3a8d7e57b, NVIDIA A100-SXM4-80GB, 3161, 81920, 87, 56, 234.60
2026/04/22 19:46:37.422, 0, GPU-9526f284-5d42-42c6-7180-26e855f7cb74, NVIDIA A100-SXM4-80GB, 5209, 81920, 83, 51, 234.08
2026/04/22 19:46:37.425, 1, GPU-3bae32ea-7500-d97f-68d3-b73eaf826482, NVIDIA A100-SXM4-80GB, 3161, 81920, 86, 51, 233.24
2026/04/22 19:46:37.426, 2, GPU-34b15fc1-6bfd-d499-6da0-10a9b8b1582c, NVIDIA A100-SXM4-80GB, 3161, 81920, 86, 53, 223.61
2026/04/22 19:46:37.428, 3, GPU-a20700a1-ed8d-42b4-3a83-38d3a8d7e57b, NVIDIA A100-SXM4-80GB, 3161, 81920, 88, 53, 237.79
2026/04/22 19:46:38.469, 0, GPU-9526f284-5d42-42c6-7180-26e855f7cb74, NVIDIA A100-SXM4-80GB, 5209, 81920, 87, 53, 255.34
2026/04/22 19:46:38.471, 1, GPU-3bae32ea-7500-d97f-68d3-b73eaf826482, NVIDIA A100-SXM4-80GB, 3161, 81920, 82, 53, 204.80
2026/04/22 19:46:38.473, 2, GPU-34b15fc1-6bfd-d499-6da0-10a9b8b1582c, NVIDIA A100-SXM4-80GB, 3161, 81920, 85, 52, 234.56
2026/04/22 19:46:38.474, 3, GPU-a20700a1-ed8d-42b4-3a83-38d3a8d7e57b, NVIDIA A100-SXM4-80GB, 3161, 81920, 88, 55, 226.81
2026/04/22 19:46:39.518, 0, GPU-9526f284-5d42-42c6-7180-26e855f7cb74, NVIDIA A100-SXM4-80GB, 5209, 81920, 85, 54, 252.40
2026/04/22 19:46:39.521, 1, GPU-3bae32ea-7500-d97f-68d3-b73eaf826482, NVIDIA A100-SXM4-80GB, 3161, 81920, 84, 50, 181.59
2026/04/22 19:46:39.526, 2, GPU-34b15fc1-6bfd-d499-6da0-10a9b8b1582c, NVIDIA A100-SXM4-80GB, 3161, 81920, 84, 53, 233.22
2026/04/22 19:46:39.528, 3, GPU-a20700a1-ed8d-42b4-3a83-38d3a8d7e57b, NVIDIA A100-SXM4-80GB, 3161, 81920, 88, 52, 246.35
2026/04/22 19:46:40.572, 0, GPU-9526f284-5d42-42c6-7180-26e855f7cb74, NVIDIA A100-SXM4-80GB, 5209, 81920, 84, 54, 239.72
2026/04/22 19:46:40.575, 1, GPU-3bae32ea-7500-d97f-68d3-b73eaf826482, NVIDIA A100-SXM4-80GB, 3161, 81920, 85, 54, 229.48
2026/04/22 19:46:40.577, 2, GPU-34b15fc1-6bfd-d499-6da0-10a9b8b1582c, NVIDIA A100-SXM4-80GB, 3161, 81920, 82, 53, 237.48
2026/04/22 19:46:40.578, 3, GPU-a20700a1-ed8d-42b4-3a83-38d3a8d7e57b, NVIDIA A100-SXM4-80GB, 3161, 81920, 88, 52, 215.02
2026/04/22 19:46:41.622, 0, GPU-9526f284-5d42-42c6-7180-26e855f7cb74, NVIDIA A100-SXM4-80GB, 5209, 81920, 86, 54, 262.81
2026/04/22 19:46:41.624, 1, GPU-3bae32ea-7500-d97f-68d3-b73eaf826482, NVIDIA A100-SXM4-80GB, 3161, 81920, 83, 49, 244.77
2026/04/22 19:46:41.626, 2, GPU-34b15fc1-6bfd-d499-6da0-10a9b8b1582c, NVIDIA A100-SXM4-80GB, 3161, 81920, 87, 49, 240.70
2026/04/22 19:46:41.627, 3, GPU-a20700a1-ed8d-42b4-3a83-38d3a8d7e57b, NVIDIA A100-SXM4-80GB, 3161, 81920, 84, 51, 215.82
2026/04/22 19:46:42.671, 0, GPU-9526f284-5d42-42c6-7180-26e855f7cb74, NVIDIA A100-SXM4-80GB, 5209, 81920, 82, 54, 256.63
2026/04/22 19:46:42.674, 1, GPU-3bae32ea-7500-d97f-68d3-b73eaf826482, NVIDIA A100-SXM4-80GB, 3161, 81920, 85, 54, 245.30
2026/04/22 19:46:42.675, 2, GPU-34b15fc1-6bfd-d499-6da0-10a9b8b1582c, NVIDIA A100-SXM4-80GB, 3161, 81920, 87, 54, 206.52
2026/04/22 19:46:42.676, 3, GPU-a20700a1-ed8d-42b4-3a83-38d3a8d7e57b, NVIDIA A100-SXM4-80GB, 3161, 81920, 85, 53, 230.03
2026/04/22 19:46:43.721, 0, GPU-9526f284-5d42-42c6-7180-26e855f7cb74, NVIDIA A100-SXM4-80GB, 5209, 81920, 86, 54, 256.10
2026/04/22 19:46:43.723, 1, GPU-3bae32ea-7500-d97f-68d3-b73eaf826482, NVIDIA A100-SXM4-80GB, 3161, 81920, 84, 52, 229.77
2026/04/22 19:46:43.726, 2, GPU-34b15fc1-6bfd-d499-6da0-10a9b8b1582c, NVIDIA A100-SXM4-80GB, 3161, 81920, 88, 52, 241.23
2026/04/22 19:46:43.728, 3, GPU-a20700a1-ed8d-42b4-3a83-38d3a8d7e57b, NVIDIA A100-SXM4-80GB, 3161, 81920, 86, 52, 238.08
2026/04/22 19:46:44.769, 0, GPU-9526f284-5d42-42c6-7180-26e855f7cb74, NVIDIA A100-SXM4-80GB, 4725, 81920, 5, 0, 88.42
2026/04/22 19:46:44.771, 1, GPU-3bae32ea-7500-d97f-68d3-b73eaf826482, NVIDIA A100-SXM4-80GB, 2677, 81920, 6, 0, 82.09
2026/04/22 19:46:44.772, 2, GPU-34b15fc1-6bfd-d499-6da0-10a9b8b1582c, NVIDIA A100-SXM4-80GB, 2677, 81920, 7, 0, 85.00
2026/04/22 19:46:44.773, 3, GPU-a20700a1-ed8d-42b4-3a83-38d3a8d7e57b, NVIDIA A100-SXM4-80GB, 2677, 81920, 7, 0, 82.77
2026/04/22 19:46:45.861, 0, GPU-9526f284-5d42-42c6-7180-26e855f7cb74, NVIDIA A100-SXM4-80GB, 1, 81920, 63, 2, 87.88
2026/04/22 19:46:45.864, 1, GPU-3bae32ea-7500-d97f-68d3-b73eaf826482, NVIDIA A100-SXM4-80GB, 2673, 81920, 0, 0, 86.13
2026/04/22 19:46:45.867, 2, GPU-34b15fc1-6bfd-d499-6da0-10a9b8b1582c, NVIDIA A100-SXM4-80GB, 4, 81920, 0, 0, 85.00
2026/04/22 19:46:45.870, 3, GPU-a20700a1-ed8d-42b4-3a83-38d3a8d7e57b, NVIDIA A100-SXM4-80GB, 5, 81920, 0, 0, 82.97
